"query_start_time","query_duration_ms","read_rows","read_bytes","result_rows","result_bytes","memory_usage","real_time_us","user_time_us","system_time_us","disk_read_us","cpu_wait_us","query"
"2026-02-14 15:39:47",2,1,16,1,136,77408,2638,1391,108,0,0,"SELECT count() FROM exp01_compression.source"
"2026-02-14 15:44:30",0,0,0,0,0,7136,369,0,0,0,0,"SYSTEM STOP MERGES exp01_compression"
"2026-02-14 15:46:51",0,0,0,0,0,3072,347,0,0,0,0,"SYSTEM START MERGES exp01_compression"
"2026-02-14 15:54:10",0,0,0,0,0,3072,387,231,0,0,0,"SYSTEM STOP MERGES exp01_compression"
"2026-02-14 15:55:25",0,0,0,0,0,3072,418,0,0,0,0,"SYSTEM START MERGES exp01_compression"
"2026-02-14 16:13:42",0,0,0,0,0,3072,422,150,0,0,0,"SYSTEM STOP MERGES exp01_compression"
"2026-02-14 16:29:31",0,0,0,0,0,3072,511,187,0,0,0,"SYSTEM START MERGES exp01_compression"
"2026-02-14 17:13:01",3,15,705,15,5120,170538,3197,2847,5,0,0,"EXPLAIN indexes=1 SELECT sum(counter) FROM exp01_compression.v1_default WHERE metric_name='cpu_usage' AND timestamp BETWEEN '2024-01-01' AND '2024-01-02' FORMAT PrettyCompact"
"2026-02-14 17:13:01",3,15,712,15,5120,170634,3598,2901,292,0,0,"EXPLAIN indexes=1 SELECT sum(counter) FROM exp01_compression.v4_percolumn_zstd WHERE metric_name='cpu_usage' AND timestamp BETWEEN '2024-01-01' AND '2024-01-02' FORMAT PrettyCompact"
"2026-02-14 17:13:34",18,262144,3407987,1,136,2268332,281618,19850,10903,22700,18,"-- Q1: Range+Agg (counter sum, 1 metric, 1 day)
SELECT sum(counter) FROM exp01_compression.v1_default WHERE metric_name='cpu_usage' AND timestamp BETWEEN '2024-01-01' AND '2024-01-02' FORMAT Null
SETTINGS send_logs_level='none'
"
"2026-02-14 17:13:35",12,262144,3407987,1,136,3250636,145312,15385,6426,2796,95,"SELECT sum(counter) FROM exp01_compression.v1_default WHERE metric_name='cpu_usage' AND timestamp BETWEEN '2024-01-01' AND '2024-01-02' FORMAT Null"
"2026-02-14 17:13:35",20,262144,3407987,1,136,4202205,239436,15019,4084,836,22200,"SELECT sum(counter) FROM exp01_compression.v1_default WHERE metric_name='cpu_usage' AND timestamp BETWEEN '2024-01-01' AND '2024-01-02' FORMAT Null"
"2026-02-14 17:13:35",21,262144,3407987,1,136,2191459,153251,15196,6333,1122,24679,"SELECT sum(counter) FROM exp01_compression.v1_default WHERE metric_name='cpu_usage' AND timestamp BETWEEN '2024-01-01' AND '2024-01-02' FORMAT Null"
"2026-02-14 17:13:36",10,262144,3407987,1,136,2856295,105292,14423,5418,955,52,"SELECT sum(counter) FROM exp01_compression.v1_default WHERE metric_name='cpu_usage' AND timestamp BETWEEN '2024-01-01' AND '2024-01-02' FORMAT Null"
"2026-02-14 17:13:36",31,262144,3407987,1,136,2162138,383959,18610,2715,954,33362,"SELECT sum(counter) FROM exp01_compression.v1_default WHERE metric_name='cpu_usage' AND timestamp BETWEEN '2024-01-01' AND '2024-01-02' FORMAT Null"
"2026-02-14 17:13:36",20,262144,3407987,1,136,2263940,153311,17119,3635,1126,13403,"SELECT sum(counter) FROM exp01_compression.v1_default WHERE metric_name='cpu_usage' AND timestamp BETWEEN '2024-01-01' AND '2024-01-02' FORMAT Null"
"2026-02-14 17:13:37",9,262144,3407987,1,136,4202781,79004,18425,441,938,168,"SELECT sum(counter) FROM exp01_compression.v1_default WHERE metric_name='cpu_usage' AND timestamp BETWEEN '2024-01-01' AND '2024-01-02' FORMAT Null"
"2026-02-14 17:13:37",19,262144,3407987,1,136,3250540,149133,14819,3293,930,16485,"SELECT sum(counter) FROM exp01_compression.v1_default WHERE metric_name='cpu_usage' AND timestamp BETWEEN '2024-01-01' AND '2024-01-02' FORMAT Null"
"2026-02-14 17:13:37",10,262144,3407987,1,136,2201187,100680,18216,1785,951,0,"SELECT sum(counter) FROM exp01_compression.v1_default WHERE metric_name='cpu_usage' AND timestamp BETWEEN '2024-01-01' AND '2024-01-02' FORMAT Null"
"2026-02-14 17:13:37",10,262144,3407987,1,136,3216181,99203,17634,1945,934,316,"SELECT sum(counter) FROM exp01_compression.v1_default WHERE metric_name='cpu_usage' AND timestamp BETWEEN '2024-01-01' AND '2024-01-02' FORMAT Null"
"2026-02-14 17:13:37",10,262144,3407987,1,136,2201177,105583,17637,2518,933,34,"SELECT sum(counter) FROM exp01_compression.v1_default WHERE metric_name='cpu_usage' AND timestamp BETWEEN '2024-01-01' AND '2024-01-02' FORMAT Null"
"2026-02-14 17:13:37",18,262144,3407987,1,136,2249100,67113,12671,3130,858,18343,"SELECT sum(counter) FROM exp01_compression.v1_default WHERE metric_name='cpu_usage' AND timestamp BETWEEN '2024-01-01' AND '2024-01-02' FORMAT Null"
"2026-02-14 17:13:38",15,262144,3407987,1,136,1208761,66608,13950,3276,883,8058,"SELECT sum(counter) FROM exp01_compression.v1_default WHERE metric_name='cpu_usage' AND timestamp BETWEEN '2024-01-01' AND '2024-01-02' FORMAT Null"
"2026-02-14 17:13:38",9,262144,3407987,1,136,2155218,46436,11980,2388,785,6215,"SELECT sum(counter) FROM exp01_compression.v1_default WHERE metric_name='cpu_usage' AND timestamp BETWEEN '2024-01-01' AND '2024-01-02' FORMAT Null"
"2026-02-14 17:13:38",8,262144,3407987,1,136,2200729,60918,13633,3103,874,8,"SELECT sum(counter) FROM exp01_compression.v1_default WHERE metric_name='cpu_usage' AND timestamp BETWEEN '2024-01-01' AND '2024-01-02' FORMAT Null"
"2026-02-14 17:13:38",9,262144,3407987,1,136,3255220,92713,17709,108,900,139,"SELECT sum(counter) FROM exp01_compression.v1_default WHERE metric_name='cpu_usage' AND timestamp BETWEEN '2024-01-01' AND '2024-01-02' FORMAT Null"
"2026-02-14 17:13:38",15,262144,3407987,1,136,1208761,127899,14514,1836,810,11660,"SELECT sum(counter) FROM exp01_compression.v1_default WHERE metric_name='cpu_usage' AND timestamp BETWEEN '2024-01-01' AND '2024-01-02' FORMAT Null"
"2026-02-14 17:13:38",24,262144,3407987,1,136,2200569,99759,14513,1931,842,19518,"SELECT sum(counter) FROM exp01_compression.v1_default WHERE metric_name='cpu_usage' AND timestamp BETWEEN '2024-01-01' AND '2024-01-02' FORMAT Null"
"2026-02-14 17:13:38",6,262144,3407987,1,136,3143492,55886,11726,3570,876,206,"SELECT sum(counter) FROM exp01_compression.v1_default WHERE metric_name='cpu_usage' AND timestamp BETWEEN '2024-01-01' AND '2024-01-02' FORMAT Null"
"2026-02-14 17:13:38",8,262144,3407987,1,136,3144388,88212,12098,5870,988,212,"SELECT sum(counter) FROM exp01_compression.v1_default WHERE metric_name='cpu_usage' AND timestamp BETWEEN '2024-01-01' AND '2024-01-02' FORMAT Null"
"2026-02-14 17:13:38",14,262144,3407987,1,136,4202333,60016,13641,2277,1148,3817,"SELECT sum(counter) FROM exp01_compression.v1_default WHERE metric_name='cpu_usage' AND timestamp BETWEEN '2024-01-01' AND '2024-01-02' FORMAT Null"
"2026-02-14 17:13:38",467,100000000,900000000,5,2860,15392306,10475758,2223342,481343,2188303,1034268,"SELECT metric_name, sum(counter) AS total FROM exp01_compression.v1_default GROUP BY metric_name ORDER BY total DESC LIMIT 10 FORMAT Null"
"2026-02-14 17:13:39",274,100000000,900000000,5,2860,15376754,4801415,1788276,113410,214614,2241556,"SELECT metric_name, sum(counter) AS total FROM exp01_compression.v1_default GROUP BY metric_name ORDER BY total DESC LIMIT 10 FORMAT Null"
"2026-02-14 17:13:40",144,100000000,900000000,5,2860,15376754,2521704,1649146,93686,112902,386187,"SELECT metric_name, sum(counter) AS total FROM exp01_compression.v1_default GROUP BY metric_name ORDER BY total DESC LIMIT 10 FORMAT Null"
"2026-02-14 17:13:40",291,100000000,900000000,5,3072,15376754,5027617,1755350,119484,177582,2474256,"SELECT metric_name, sum(counter) AS total FROM exp01_compression.v1_default GROUP BY metric_name ORDER BY total DESC LIMIT 10 FORMAT Null"
"2026-02-14 17:13:40",176,100000000,900000000,5,3072,15376914,3068500,1701809,95116,106561,630055,"SELECT metric_name, sum(counter) AS total FROM exp01_compression.v1_default GROUP BY metric_name ORDER BY total DESC LIMIT 10 FORMAT Null"
"2026-02-14 17:13:41",253,100000000,900000000,5,3072,15376754,4439656,1664652,107590,198195,2064485,"SELECT metric_name, sum(counter) AS total FROM exp01_compression.v1_default GROUP BY metric_name ORDER BY total DESC LIMIT 10 FORMAT Null"
"2026-02-14 17:13:41",174,100000000,900000000,5,2860,15376754,3023140,1616848,93324,136869,857607,"SELECT metric_name, sum(counter) AS total FROM exp01_compression.v1_default GROUP BY metric_name ORDER BY total DESC LIMIT 10 FORMAT Null"
"2026-02-14 17:13:42",235,100000000,900000000,5,2860,15376754,4146290,1730846,87245,148645,1395773,"SELECT metric_name, sum(counter) AS total FROM exp01_compression.v1_default GROUP BY metric_name ORDER BY total DESC LIMIT 10 FORMAT Null"
"2026-02-14 17:13:42",117,100000000,900000000,5,3072,15376754,2048228,1557029,92809,96077,96667,"SELECT metric_name, sum(counter) AS total FROM exp01_compression.v1_default GROUP BY metric_name ORDER BY total DESC LIMIT 10 FORMAT Null"
"2026-02-14 17:13:43",135,100000000,900000000,5,3072,15376754,2323645,1592557,103553,103469,203110,"SELECT metric_name, sum(counter) AS total FROM exp01_compression.v1_default GROUP BY metric_name ORDER BY total DESC LIMIT 10 FORMAT Null"
"2026-02-14 17:13:43",132,100000000,900000000,5,3072,15376754,2317049,1691064,106505,123241,198488,"SELECT metric_name, sum(counter) AS total FROM exp01_compression.v1_default GROUP BY metric_name ORDER BY total DESC LIMIT 10 FORMAT Null"
"2026-02-14 17:13:43",156,100000000,900000000,5,3072,15376754,2754296,1722905,107772,107599,418573,"SELECT metric_name, sum(counter) AS total FROM exp01_compression.v1_default GROUP BY metric_name ORDER BY total DESC LIMIT 10 FORMAT Null"
"2026-02-14 17:13:43",129,100000000,900000000,5,3072,15376754,2253808,1606127,106735,103461,233958,"SELECT metric_name, sum(counter) AS total FROM exp01_compression.v1_default GROUP BY metric_name ORDER BY total DESC LIMIT 10 FORMAT Null"
"2026-02-14 17:13:43",116,100000000,900000000,5,3072,15376418,2032716,1571857,92989,98163,114882,"SELECT metric_name, sum(counter) AS total FROM exp01_compression.v1_default GROUP BY metric_name ORDER BY total DESC LIMIT 10 FORMAT Null"
"2026-02-14 17:13:43",139,100000000,900000000,5,2860,15376754,2441643,1666191,90409,131617,358558,"SELECT metric_name, sum(counter) AS total FROM exp01_compression.v1_default GROUP BY metric_name ORDER BY total DESC LIMIT 10 FORMAT Null"
"2026-02-14 17:13:44",122,100000000,900000000,5,3072,15376418,2121625,1572980,122282,95051,161115,"SELECT metric_name, sum(counter) AS total FROM exp01_compression.v1_default GROUP BY metric_name ORDER BY total DESC LIMIT 10 FORMAT Null"
"2026-02-14 17:13:44",147,100000000,900000000,5,3072,15376754,2569515,1634407,87223,120078,462412,"SELECT metric_name, sum(counter) AS total FROM exp01_compression.v1_default GROUP BY metric_name ORDER BY total DESC LIMIT 10 FORMAT Null"
"2026-02-14 17:13:44",136,100000000,900000000,5,3072,15376754,2331093,1625973,105252,115626,271755,"SELECT metric_name, sum(counter) AS total FROM exp01_compression.v1_default GROUP BY metric_name ORDER BY total DESC LIMIT 10 FORMAT Null"
"2026-02-14 17:13:44",121,100000000,900000000,5,3072,15376418,2127125,1643374,82584,116897,135435,"SELECT metric_name, sum(counter) AS total FROM exp01_compression.v1_default GROUP BY metric_name ORDER BY total DESC LIMIT 10 FORMAT Null"
"2026-02-14 17:13:44",137,100000000,900000000,5,2860,15376754,2399456,1602625,115484,116484,355547,"SELECT metric_name, sum(counter) AS total FROM exp01_compression.v1_default GROUP BY metric_name ORDER BY total DESC LIMIT 10 FORMAT Null"
"2026-02-14 17:13:45",125,100000000,900000000,5,2860,15376578,2184552,1677645,93627,98698,131382,"SELECT metric_name, sum(counter) AS total FROM exp01_compression.v1_default GROUP BY metric_name ORDER BY total DESC LIMIT 10 FORMAT Null"
"2026-02-14 17:13:45",409,100000000,900000000,4,3028,15546979,10670604,1851787,626407,3341060,499814,"SELECT region, avg(value), count() FROM exp01_compression.v1_default GROUP BY region ORDER BY count() DESC FORMAT Null"
"2026-02-14 17:13:46",125,100000000,900000000,4,3028,15534643,2198787,1380676,142637,148364,320269,"SELECT region, avg(value), count() FROM exp01_compression.v1_default GROUP BY region ORDER BY count() DESC FORMAT Null"
"2026-02-14 17:13:46",99,100000000,900000000,4,3028,15534643,1731929,1258440,125659,123869,103202,"SELECT region, avg(value), count() FROM exp01_compression.v1_default GROUP BY region ORDER BY count() DESC FORMAT Null"
"2026-02-14 17:13:46",110,100000000,900000000,4,3028,15598419,1628273,1175380,115714,129578,92634,"SELECT region, avg(value), count() FROM exp01_compression.v1_default GROUP BY region ORDER BY count() DESC FORMAT Null"
"2026-02-14 17:13:47",88,100000000,900000000,4,3028,15534643,1521725,1108878,120853,124309,73925,"SELECT region, avg(value), count() FROM exp01_compression.v1_default GROUP BY region ORDER BY count() DESC FORMAT Null"
"2026-02-14 17:13:47",108,100000000,900000000,4,3028,15534643,1886714,1156078,130642,172748,340624,"SELECT region, avg(value), count() FROM exp01_compression.v1_default GROUP BY region ORDER BY count() DESC FORMAT Null"
"2026-02-14 17:13:47",107,100000000,900000000,4,3028,15534643,1838079,1184487,139950,132837,180613,"SELECT region, avg(value), count() FROM exp01_compression.v1_default GROUP BY region ORDER BY count() DESC FORMAT Null"
"2026-02-14 17:13:47",94,100000000,900000000,4,3028,15534643,1642092,1214459,110752,130835,81033,"SELECT region, avg(value), count() FROM exp01_compression.v1_default GROUP BY region ORDER BY count() DESC FORMAT Null"
"2026-02-14 17:13:48",89,100000000,900000000,4,3028,15534643,1540040,1127224,113367,128094,72181,"SELECT region, avg(value), count() FROM exp01_compression.v1_default GROUP BY region ORDER BY count() DESC FORMAT Null"
"2026-02-14 17:13:48",88,100000000,900000000,4,3028,15534643,1521826,1105286,111298,121615,78995,"SELECT region, avg(value), count() FROM exp01_compression.v1_default GROUP BY region ORDER BY count() DESC FORMAT Null"
"2026-02-14 17:13:48",90,100000000,900000000,4,3028,15534307,1554279,1123716,118843,130120,108884,"SELECT region, avg(value), count() FROM exp01_compression.v1_default GROUP BY region ORDER BY count() DESC FORMAT Null"
"2026-02-14 17:13:48",90,100000000,900000000,4,3028,15534643,1548056,1094892,129623,125919,96633,"SELECT region, avg(value), count() FROM exp01_compression.v1_default GROUP BY region ORDER BY count() DESC FORMAT Null"
"2026-02-14 17:13:49",105,100000000,900000000,4,3028,15534307,1842274,1180529,126495,153492,310857,"SELECT region, avg(value), count() FROM exp01_compression.v1_default GROUP BY region ORDER BY count() DESC FORMAT Null"
"2026-02-14 17:13:49",93,100000000,900000000,4,3028,15534307,1598067,1208318,118664,125226,57291,"SELECT region, avg(value), count() FROM exp01_compression.v1_default GROUP BY region ORDER BY count() DESC FORMAT Null"
"2026-02-14 17:13:49",109,100000000,900000000,4,3028,15534307,1868620,1197248,132639,137770,296274,"SELECT region, avg(value), count() FROM exp01_compression.v1_default GROUP BY region ORDER BY count() DESC FORMAT Null"
"2026-02-14 17:13:49",100,100000000,900000000,4,3028,15534307,1743104,1074380,104919,126474,343058,"SELECT region, avg(value), count() FROM exp01_compression.v1_default GROUP BY region ORDER BY count() DESC FORMAT Null"
"2026-02-14 17:13:49",108,100000000,900000000,4,3028,15534307,1794013,1203402,116209,159130,230693,"SELECT region, avg(value), count() FROM exp01_compression.v1_default GROUP BY region ORDER BY count() DESC FORMAT Null"
"2026-02-14 17:13:49",106,100000000,900000000,4,3028,15534307,1835989,1148150,104641,158320,324007,"SELECT region, avg(value), count() FROM exp01_compression.v1_default GROUP BY region ORDER BY count() DESC FORMAT Null"
"2026-02-14 17:13:50",84,100000000,900000000,4,3028,15534307,1444853,1042795,128543,117030,86790,"SELECT region, avg(value), count() FROM exp01_compression.v1_default GROUP BY region ORDER BY count() DESC FORMAT Null"
"2026-02-14 17:13:50",87,100000000,900000000,4,3028,15534307,1508570,1090286,148424,129921,77884,"SELECT region, avg(value), count() FROM exp01_compression.v1_default GROUP BY region ORDER BY count() DESC FORMAT Null"
"2026-02-14 17:13:50",88,100000000,900000000,4,3028,15534643,1518261,1098668,109153,124230,85900,"SELECT region, avg(value), count() FROM exp01_compression.v1_default GROUP BY region ORDER BY count() DESC FORMAT Null"
"2026-02-14 17:13:50",20,262144,3407987,1,136,1530949,276459,24136,5128,16405,1475,"SELECT sum(counter) FROM exp01_compression.v2_zstd WHERE metric_name='cpu_usage' AND timestamp BETWEEN '2024-01-01' AND '2024-01-02' FORMAT Null"
"2026-02-14 17:13:50",10,262144,3407987,1,136,2735982,105910,19349,2724,606,24,"SELECT sum(counter) FROM exp01_compression.v2_zstd WHERE metric_name='cpu_usage' AND timestamp BETWEEN '2024-01-01' AND '2024-01-02' FORMAT Null"
"2026-02-14 17:13:51",11,262144,3407987,1,136,1478335,113267,19063,3858,630,7,"SELECT sum(counter) FROM exp01_compression.v2_zstd WHERE metric_name='cpu_usage' AND timestamp BETWEEN '2024-01-01' AND '2024-01-02' FORMAT Null"
"2026-02-14 17:13:51",10,262144,3407987,1,136,1466536,108928,19822,3069,559,147,"SELECT sum(counter) FROM exp01_compression.v2_zstd WHERE metric_name='cpu_usage' AND timestamp BETWEEN '2024-01-01' AND '2024-01-02' FORMAT Null"
"2026-02-14 17:13:51",10,262144,3407987,1,136,1955583,112840,19816,2126,560,92,"SELECT sum(counter) FROM exp01_compression.v2_zstd WHERE metric_name='cpu_usage' AND timestamp BETWEEN '2024-01-01' AND '2024-01-02' FORMAT Null"
"2026-02-14 17:13:51",10,262144,3407987,1,136,1425278,112133,21885,433,591,17,"SELECT sum(counter) FROM exp01_compression.v2_zstd WHERE metric_name='cpu_usage' AND timestamp BETWEEN '2024-01-01' AND '2024-01-02' FORMAT Null"
"2026-02-14 17:13:52",10,262144,3407987,1,136,2132621,109903,18075,3121,613,198,"SELECT sum(counter) FROM exp01_compression.v2_zstd WHERE metric_name='cpu_usage' AND timestamp BETWEEN '2024-01-01' AND '2024-01-02' FORMAT Null"
"2026-02-14 17:13:52",10,262144,3407987,1,136,1876384,116324,21561,289,545,0,"SELECT sum(counter) FROM exp01_compression.v2_zstd WHERE metric_name='cpu_usage' AND timestamp BETWEEN '2024-01-01' AND '2024-01-02' FORMAT Null"
"2026-02-14 17:13:52",10,262144,3407987,1,136,2005702,115023,19195,2545,579,77,"SELECT sum(counter) FROM exp01_compression.v2_zstd WHERE metric_name='cpu_usage' AND timestamp BETWEEN '2024-01-01' AND '2024-01-02' FORMAT Null"
"2026-02-14 17:13:52",10,262144,3407987,1,136,2005590,112977,21886,1808,689,85,"SELECT sum(counter) FROM exp01_compression.v2_zstd WHERE metric_name='cpu_usage' AND timestamp BETWEEN '2024-01-01' AND '2024-01-02' FORMAT Null"
"2026-02-14 17:13:52",9,262144,3407987,1,136,1467277,81569,18844,1860,577,61,"SELECT sum(counter) FROM exp01_compression.v2_zstd WHERE metric_name='cpu_usage' AND timestamp BETWEEN '2024-01-01' AND '2024-01-02' FORMAT Null"
"2026-02-14 17:13:52",9,262144,3407987,1,136,1457133,80626,18043,2099,541,315,"SELECT sum(counter) FROM exp01_compression.v2_zstd WHERE metric_name='cpu_usage' AND timestamp BETWEEN '2024-01-01' AND '2024-01-02' FORMAT Null"
"2026-02-14 17:13:52",9,262144,3407987,1,136,1529501,104918,19158,2428,531,110,"SELECT sum(counter) FROM exp01_compression.v2_zstd WHERE metric_name='cpu_usage' AND timestamp BETWEEN '2024-01-01' AND '2024-01-02' FORMAT Null"
"2026-02-14 17:13:53",8,262144,3407987,1,136,837429,79160,15122,4453,512,92,"SELECT sum(counter) FROM exp01_compression.v2_zstd WHERE metric_name='cpu_usage' AND timestamp BETWEEN '2024-01-01' AND '2024-01-02' FORMAT Null"
"2026-02-14 17:13:53",8,262144,3407987,1,136,1457677,75809,13076,6697,584,13,"SELECT sum(counter) FROM exp01_compression.v2_zstd WHERE metric_name='cpu_usage' AND timestamp BETWEEN '2024-01-01' AND '2024-01-02' FORMAT Null"
"2026-02-14 17:13:53",9,262144,3407987,1,136,1425278,101996,17396,2859,502,83,"SELECT sum(counter) FROM exp01_compression.v2_zstd WHERE metric_name='cpu_usage' AND timestamp BETWEEN '2024-01-01' AND '2024-01-02' FORMAT Null"
"2026-02-14 17:13:53",8,262144,3407987,1,136,2044438,73604,17332,1604,537,0,"SELECT sum(counter) FROM exp01_compression.v2_zstd WHERE metric_name='cpu_usage' AND timestamp BETWEEN '2024-01-01' AND '2024-01-02' FORMAT Null"
"2026-02-14 17:13:53",7,262144,3407987,1,136,2735534,65843,14717,3016,536,19,"SELECT sum(counter) FROM exp01_compression.v2_zstd WHERE metric_name='cpu_usage' AND timestamp BETWEEN '2024-01-01' AND '2024-01-02' FORMAT Null"
"2026-02-14 17:13:53",9,262144,3407987,1,136,2493736,106820,20718,415,539,90,"SELECT sum(counter) FROM exp01_compression.v2_zstd WHERE metric_name='cpu_usage' AND timestamp BETWEEN '2024-01-01' AND '2024-01-02' FORMAT Null"
"2026-02-14 17:13:53",9,262144,3407987,1,136,842765,75150,15316,3709,552,126,"SELECT sum(counter) FROM exp01_compression.v2_zstd WHERE metric_name='cpu_usage' AND timestamp BETWEEN '2024-01-01' AND '2024-01-02' FORMAT Null"
"2026-02-14 17:13:53",8,262144,3407987,1,136,1524181,70829,14656,3858,574,14,"SELECT sum(counter) FROM exp01_compression.v2_zstd WHERE metric_name='cpu_usage' AND timestamp BETWEEN '2024-01-01' AND '2024-01-02' FORMAT Null"
"2026-02-14 17:13:53",240,100000000,900000000,5,2860,14352118,4943712,2620367,183579,656417,391490,"SELECT metric_name, sum(counter) AS total FROM exp01_compression.v2_zstd GROUP BY metric_name ORDER BY total DESC LIMIT 10 FORMAT Null"
"2026-02-14 17:13:54",155,100000000,900000000,5,3072,14331174,2725572,2172548,50787,36311,122354,"SELECT metric_name, sum(counter) AS total FROM exp01_compression.v2_zstd GROUP BY metric_name ORDER BY total DESC LIMIT 10 FORMAT Null"
"2026-02-14 17:13:54",152,100000000,900000000,5,2860,14331174,2677473,2166268,46040,37560,124924,"SELECT metric_name, sum(counter) AS total FROM exp01_compression.v2_zstd GROUP BY metric_name ORDER BY total DESC LIMIT 10 FORMAT Null"
"2026-02-14 17:13:54",170,100000000,900000000,5,3072,14331174,2988592,2344964,61581,39495,179687,"SELECT metric_name, sum(counter) AS total FROM exp01_compression.v2_zstd GROUP BY metric_name ORDER BY total DESC LIMIT 10 FORMAT Null"
"2026-02-14 17:13:55",164,100000000,900000000,5,2860,14331174,2897157,2312690,41570,39293,166994,"SELECT metric_name, sum(counter) AS total FROM exp01_compression.v2_zstd GROUP BY metric_name ORDER BY total DESC LIMIT 10 FORMAT Null"
"2026-02-14 17:13:55",162,100000000,900000000,5,3072,14331174,2871162,2289344,38685,48011,157946,"SELECT metric_name, sum(counter) AS total FROM exp01_compression.v2_zstd GROUP BY metric_name ORDER BY total DESC LIMIT 10 FORMAT Null"
"2026-02-14 17:13:55",163,100000000,900000000,5,3072,14331174,2870489,2297662,55473,39657,116190,"SELECT metric_name, sum(counter) AS total FROM exp01_compression.v2_zstd GROUP BY metric_name ORDER BY total DESC LIMIT 10 FORMAT Null"
"2026-02-14 17:13:56",172,100000000,900000000,5,3072,14331174,3035951,2393392,49045,41067,194423,"SELECT metric_name, sum(counter) AS total FROM exp01_compression.v2_zstd GROUP BY metric_name ORDER BY total DESC LIMIT 10 FORMAT Null"
"2026-02-14 17:13:56",152,100000000,900000000,5,3072,14331174,2676380,2151818,41655,36502,129198,"SELECT metric_name, sum(counter) AS total FROM exp01_compression.v2_zstd GROUP BY metric_name ORDER BY total DESC LIMIT 10 FORMAT Null"
"2026-02-14 17:13:57",173,100000000,900000000,5,3072,14331174,3065968,2320431,69174,40191,181072,"SELECT metric_name, sum(counter) AS total FROM exp01_compression.v2_zstd GROUP BY metric_name ORDER BY total DESC LIMIT 10 FORMAT Null"
"2026-02-14 17:13:57",166,100000000,900000000,5,3072,14331174,2931574,2325435,42883,38749,181723,"SELECT metric_name, sum(counter) AS total FROM exp01_compression.v2_zstd GROUP BY metric_name ORDER BY total DESC LIMIT 10 FORMAT Null"
"2026-02-14 17:13:57",167,100000000,900000000,5,2860,14331174,2937779,2325791,43802,38844,179783,"SELECT metric_name, sum(counter) AS total FROM exp01_compression.v2_zstd GROUP BY metric_name ORDER BY total DESC LIMIT 10 FORMAT Null"
"2026-02-14 17:13:57",152,100000000,900000000,5,3072,14331174,2684012,2235692,41010,36547,40535,"SELECT metric_name, sum(counter) AS total FROM exp01_compression.v2_zstd GROUP BY metric_name ORDER BY total DESC LIMIT 10 FORMAT Null"
"2026-02-14 17:13:57",151,100000000,900000000,5,2860,14330838,2667551,2255464,40737,36127,34721,"SELECT metric_name, sum(counter) AS total FROM exp01_compression.v2_zstd GROUP BY metric_name ORDER BY total DESC LIMIT 10 FORMAT Null"
"2026-02-14 17:13:58",171,100000000,900000000,5,3072,14330998,3028483,2516231,46045,38115,86255,"SELECT metric_name, sum(counter) AS total FROM exp01_compression.v2_zstd GROUP BY metric_name ORDER BY total DESC LIMIT 10 FORMAT Null"
"2026-02-14 17:13:58",172,100000000,900000000,5,3072,14330838,3035932,2388408,46634,42522,218012,"SELECT metric_name, sum(counter) AS total FROM exp01_compression.v2_zstd GROUP BY metric_name ORDER BY total DESC LIMIT 10 FORMAT Null"
"2026-02-14 17:13:58",173,100000000,900000000,5,3072,14330838,3056785,2396231,64146,47402,189259,"SELECT metric_name, sum(counter) AS total FROM exp01_compression.v2_zstd GROUP BY metric_name ORDER BY total DESC LIMIT 10 FORMAT Null"
"2026-02-14 17:13:58",154,100000000,900000000,5,2860,14330838,2713839,2274404,45069,38288,41447,"SELECT metric_name, sum(counter) AS total FROM exp01_compression.v2_zstd GROUP BY metric_name ORDER BY total DESC LIMIT 10 FORMAT Null"
"2026-02-14 17:13:59",151,100000000,900000000,5,2860,14330998,2644887,2233735,37856,38724,23625,"SELECT metric_name, sum(counter) AS total FROM exp01_compression.v2_zstd GROUP BY metric_name ORDER BY total DESC LIMIT 10 FORMAT Null"
"2026-02-14 17:13:59",148,100000000,900000000,5,3072,14330838,2603016,2210206,45186,37898,27210,"SELECT metric_name, sum(counter) AS total FROM exp01_compression.v2_zstd GROUP BY metric_name ORDER BY total DESC LIMIT 10 FORMAT Null"
"2026-02-14 17:13:59",162,100000000,900000000,5,3072,14330838,2841175,2404510,44859,40830,28246,"SELECT metric_name, sum(counter) AS total FROM exp01_compression.v2_zstd GROUP BY metric_name ORDER BY total DESC LIMIT 10 FORMAT Null"
"2026-02-14 17:13:59",386,100000000,900000000,4,3028,15092878,9878827,2669068,537514,2948008,20419,"SELECT region, avg(value), count() FROM exp01_compression.v2_zstd GROUP BY region ORDER BY count() DESC FORMAT Null"
"2026-02-14 17:14:00",152,100000000,900000000,4,3028,15078974,2657989,2180583,99513,111260,25694,"SELECT region, avg(value), count() FROM exp01_compression.v2_zstd GROUP BY region ORDER BY count() DESC FORMAT Null"
"2026-02-14 17:14:00",146,100000000,900000000,4,3028,15078974,2537662,2041388,120317,100462,27006,"SELECT region, avg(value), count() FROM exp01_compression.v2_zstd GROUP BY region ORDER BY count() DESC FORMAT Null"
"2026-02-14 17:14:01",152,100000000,900000000,4,3028,15078974,2679362,2181150,118435,109904,25157,"SELECT region, avg(value), count() FROM exp01_compression.v2_zstd GROUP BY region ORDER BY count() DESC FORMAT Null"
"2026-02-14 17:14:01",157,100000000,900000000,4,3028,15078974,2747363,2138961,128408,107338,123463,"SELECT region, avg(value), count() FROM exp01_compression.v2_zstd GROUP BY region ORDER BY count() DESC FORMAT Null"
"2026-02-14 17:14:01",148,100000000,900000000,4,3028,15078974,2595304,2087585,118290,102664,38442,"SELECT region, avg(value), count() FROM exp01_compression.v2_zstd GROUP BY region ORDER BY count() DESC FORMAT Null"
"2026-02-14 17:14:02",159,100000000,900000000,4,3028,15078974,2802828,2295197,113242,111030,26351,"SELECT region, avg(value), count() FROM exp01_compression.v2_zstd GROUP BY region ORDER BY count() DESC FORMAT Null"
"2026-02-14 17:14:02",136,100000000,900000000,4,3028,15078974,2391219,1927270,102075,98078,45094,"SELECT region, avg(value), count() FROM exp01_compression.v2_zstd GROUP BY region ORDER BY count() DESC FORMAT Null"
"2026-02-14 17:14:02",147,100000000,900000000,4,3028,15078974,2589710,2118216,86630,97596,31517,"SELECT region, avg(value), count() FROM exp01_compression.v2_zstd GROUP BY region ORDER BY count() DESC FORMAT Null"
"2026-02-14 17:14:03",146,100000000,900000000,4,3028,15078974,2575070,2108752,101088,100474,24623,"SELECT region, avg(value), count() FROM exp01_compression.v2_zstd GROUP BY region ORDER BY count() DESC FORMAT Null"
"2026-02-14 17:14:03",148,100000000,900000000,4,3028,15078638,2605149,2133282,118879,98940,24806,"SELECT region, avg(value), count() FROM exp01_compression.v2_zstd GROUP BY region ORDER BY count() DESC FORMAT Null"
"2026-02-14 17:14:03",142,100000000,900000000,4,3028,15078638,2478376,2012360,88101,99263,63101,"SELECT region, avg(value), count() FROM exp01_compression.v2_zstd GROUP BY region ORDER BY count() DESC FORMAT Null"
"2026-02-14 17:14:03",138,100000000,900000000,4,3028,15078638,2428381,1976821,111618,101132,37976,"SELECT region, avg(value), count() FROM exp01_compression.v2_zstd GROUP BY region ORDER BY count() DESC FORMAT Null"
"2026-02-14 17:14:04",152,100000000,900000000,4,3028,15078798,2663080,2133605,123049,104114,80413,"SELECT region, avg(value), count() FROM exp01_compression.v2_zstd GROUP BY region ORDER BY count() DESC FORMAT Null"
"2026-02-14 17:14:04",148,100000000,900000000,4,3028,15078638,2610521,2130289,113644,109306,28186,"SELECT region, avg(value), count() FROM exp01_compression.v2_zstd GROUP BY region ORDER BY count() DESC FORMAT Null"
"2026-02-14 17:14:04",143,100000000,900000000,4,3028,15078638,2495092,2029518,126133,106080,26976,"SELECT region, avg(value), count() FROM exp01_compression.v2_zstd GROUP BY region ORDER BY count() DESC FORMAT Null"
"2026-02-14 17:14:04",145,100000000,900000000,4,3028,15078638,2533764,2007322,128926,105319,58652,"SELECT region, avg(value), count() FROM exp01_compression.v2_zstd GROUP BY region ORDER BY count() DESC FORMAT Null"
"2026-02-14 17:14:04",147,100000000,900000000,4,3028,15078638,2582467,2042975,105558,101420,97857,"SELECT region, avg(value), count() FROM exp01_compression.v2_zstd GROUP BY region ORDER BY count() DESC FORMAT Null"
"2026-02-14 17:14:05",159,100000000,900000000,4,3028,15078798,2805339,2105314,113271,111381,234301,"SELECT region, avg(value), count() FROM exp01_compression.v2_zstd GROUP BY region ORDER BY count() DESC FORMAT Null"
"2026-02-14 17:14:05",162,100000000,900000000,4,3028,15078638,2854254,2204039,100132,110878,179287,"SELECT region, avg(value), count() FROM exp01_compression.v2_zstd GROUP BY region ORDER BY count() DESC FORMAT Null"
"2026-02-14 17:14:05",155,100000000,900000000,4,3028,15078638,2710037,2078545,117750,108682,173988,"SELECT region, avg(value), count() FROM exp01_compression.v2_zstd GROUP BY region ORDER BY count() DESC FORMAT Null"
"2026-02-14 17:14:05",18,262144,3407987,1,136,1547904,250477,25033,5924,11728,37,"SELECT sum(counter) FROM exp01_compression.v3_percolumn WHERE metric_name='cpu_usage' AND timestamp BETWEEN '2024-01-01' AND '2024-01-02' FORMAT Null"
"2026-02-14 17:14:06",10,262144,3407987,1,136,715904,116699,18868,2833,183,10,"SELECT sum(counter) FROM exp01_compression.v3_percolumn WHERE metric_name='cpu_usage' AND timestamp BETWEEN '2024-01-01' AND '2024-01-02' FORMAT Null"
"2026-02-14 17:14:06",10,262144,3407987,1,136,1680152,115653,21274,2445,210,0,"SELECT sum(counter) FROM exp01_compression.v3_percolumn WHERE metric_name='cpu_usage' AND timestamp BETWEEN '2024-01-01' AND '2024-01-02' FORMAT Null"
"2026-02-14 17:14:06",12,262144,3407987,1,136,1212327,121888,20227,4651,250,0,"SELECT sum(counter) FROM exp01_compression.v3_percolumn WHERE metric_name='cpu_usage' AND timestamp BETWEEN '2024-01-01' AND '2024-01-02' FORMAT Null"
"2026-02-14 17:14:06",9,262144,3407987,1,136,2244509,100149,17448,3268,194,42,"SELECT sum(counter) FROM exp01_compression.v3_percolumn WHERE metric_name='cpu_usage' AND timestamp BETWEEN '2024-01-01' AND '2024-01-02' FORMAT Null"
"2026-02-14 17:14:06",11,262144,3407987,1,136,1069999,122184,21924,1822,217,102,"SELECT sum(counter) FROM exp01_compression.v3_percolumn WHERE metric_name='cpu_usage' AND timestamp BETWEEN '2024-01-01' AND '2024-01-02' FORMAT Null"
"2026-02-14 17:14:07",11,262144,3407987,1,136,1106264,130175,21915,3293,218,32,"SELECT sum(counter) FROM exp01_compression.v3_percolumn WHERE metric_name='cpu_usage' AND timestamp BETWEEN '2024-01-01' AND '2024-01-02' FORMAT Null"
"2026-02-14 17:14:07",9,262144,3407987,1,136,1485394,108930,19855,1184,200,15,"SELECT sum(counter) FROM exp01_compression.v3_percolumn WHERE metric_name='cpu_usage' AND timestamp BETWEEN '2024-01-01' AND '2024-01-02' FORMAT Null"
"2026-02-14 17:14:07",10,262144,3407987,1,136,1212802,105163,19891,1755,186,13,"SELECT sum(counter) FROM exp01_compression.v3_percolumn WHERE metric_name='cpu_usage' AND timestamp BETWEEN '2024-01-01' AND '2024-01-02' FORMAT Null"
"2026-02-14 17:14:07",10,262144,3407987,1,136,1212663,118503,18729,4039,206,7,"SELECT sum(counter) FROM exp01_compression.v3_percolumn WHERE metric_name='cpu_usage' AND timestamp BETWEEN '2024-01-01' AND '2024-01-02' FORMAT Null"
"2026-02-14 17:14:07",8,262144,3407987,1,136,1177982,74041,15021,4558,147,22,"SELECT sum(counter) FROM exp01_compression.v3_percolumn WHERE metric_name='cpu_usage' AND timestamp BETWEEN '2024-01-01' AND '2024-01-02' FORMAT Null"
"2026-02-14 17:14:08",9,262144,3407987,1,136,1278821,89949,15910,6881,181,20,"SELECT sum(counter) FROM exp01_compression.v3_percolumn WHERE metric_name='cpu_usage' AND timestamp BETWEEN '2024-01-01' AND '2024-01-02' FORMAT Null"
"2026-02-14 17:14:08",8,262144,3407987,1,136,1278821,78971,16098,3790,157,0,"SELECT sum(counter) FROM exp01_compression.v3_percolumn WHERE metric_name='cpu_usage' AND timestamp BETWEEN '2024-01-01' AND '2024-01-02' FORMAT Null"
"2026-02-14 17:14:08",7,262144,3407987,1,136,1278741,74497,17537,1732,146,65,"SELECT sum(counter) FROM exp01_compression.v3_percolumn WHERE metric_name='cpu_usage' AND timestamp BETWEEN '2024-01-01' AND '2024-01-02' FORMAT Null"
"2026-02-14 17:14:08",9,262144,3407987,1,136,1279365,82827,17638,3559,183,0,"SELECT sum(counter) FROM exp01_compression.v3_percolumn WHERE metric_name='cpu_usage' AND timestamp BETWEEN '2024-01-01' AND '2024-01-02' FORMAT Null"
"2026-02-14 17:14:08",9,262144,3407987,1,136,1105048,88734,16257,4194,148,0,"SELECT sum(counter) FROM exp01_compression.v3_percolumn WHERE metric_name='cpu_usage' AND timestamp BETWEEN '2024-01-01' AND '2024-01-02' FORMAT Null"
"2026-02-14 17:14:08",9,262144,3407987,1,136,1679704,78748,19511,990,197,46,"SELECT sum(counter) FROM exp01_compression.v3_percolumn WHERE metric_name='cpu_usage' AND timestamp BETWEEN '2024-01-01' AND '2024-01-02' FORMAT Null"
"2026-02-14 17:14:08",10,262144,3407987,1,136,1105048,88521,19091,2593,170,0,"SELECT sum(counter) FROM exp01_compression.v3_percolumn WHERE metric_name='cpu_usage' AND timestamp BETWEEN '2024-01-01' AND '2024-01-02' FORMAT Null"
"2026-02-14 17:14:08",8,262144,3407987,1,136,1115208,83726,16636,3913,166,0,"SELECT sum(counter) FROM exp01_compression.v3_percolumn WHERE metric_name='cpu_usage' AND timestamp BETWEEN '2024-01-01' AND '2024-01-02' FORMAT Null"
"2026-02-14 17:14:08",8,262144,3407987,1,136,1182790,86433,18865,2109,174,0,"SELECT sum(counter) FROM exp01_compression.v3_percolumn WHERE metric_name='cpu_usage' AND timestamp BETWEEN '2024-01-01' AND '2024-01-02' FORMAT Null"
"2026-02-14 17:14:08",10,262144,3407987,1,136,1216714,98568,22494,2633,214,57,"SELECT sum(counter) FROM exp01_compression.v3_percolumn WHERE metric_name='cpu_usage' AND timestamp BETWEEN '2024-01-01' AND '2024-01-02' FORMAT Null"
"2026-02-14 17:14:08",222,100000000,900000000,5,3072,13443611,4023660,3114364,90786,89980,142597,"SELECT metric_name, sum(counter) AS total FROM exp01_compression.v3_percolumn GROUP BY metric_name ORDER BY total DESC LIMIT 10 FORMAT Null"
"2026-02-14 17:14:09",202,100000000,900000000,5,3072,13431051,3579649,2894753,25844,15285,193798,"SELECT metric_name, sum(counter) AS total FROM exp01_compression.v3_percolumn GROUP BY metric_name ORDER BY total DESC LIMIT 10 FORMAT Null"
"2026-02-14 17:14:09",203,100000000,900000000,5,2860,13431051,3586192,3040096,26757,14726,27739,"SELECT metric_name, sum(counter) AS total FROM exp01_compression.v3_percolumn GROUP BY metric_name ORDER BY total DESC LIMIT 10 FORMAT Null"
"2026-02-14 17:14:10",213,100000000,900000000,5,2860,13431051,3766600,3179530,45159,16860,52302,"SELECT metric_name, sum(counter) AS total FROM exp01_compression.v3_percolumn GROUP BY metric_name ORDER BY total DESC LIMIT 10 FORMAT Null"
"2026-02-14 17:14:10",186,100000000,900000000,5,2860,13431051,3283174,2809591,15682,14179,31871,"SELECT metric_name, sum(counter) AS total FROM exp01_compression.v3_percolumn GROUP BY metric_name ORDER BY total DESC LIMIT 10 FORMAT Null"
"2026-02-14 17:14:10",199,100000000,900000000,5,3072,13431051,3515473,2951868,36773,15386,36672,"SELECT metric_name, sum(counter) AS total FROM exp01_compression.v3_percolumn GROUP BY metric_name ORDER BY total DESC LIMIT 10 FORMAT Null"
"2026-02-14 17:14:11",206,100000000,900000000,5,2860,13431051,3634473,3090783,30893,15833,38819,"SELECT metric_name, sum(counter) AS total FROM exp01_compression.v3_percolumn GROUP BY metric_name ORDER BY total DESC LIMIT 10 FORMAT Null"
"2026-02-14 17:14:11",208,100000000,900000000,5,3072,13431051,3684477,3116269,37978,14902,34351,"SELECT metric_name, sum(counter) AS total FROM exp01_compression.v3_percolumn GROUP BY metric_name ORDER BY total DESC LIMIT 10 FORMAT Null"
"2026-02-14 17:14:12",207,100000000,900000000,5,3072,13431051,3673483,3068946,32145,15332,85004,"SELECT metric_name, sum(counter) AS total FROM exp01_compression.v3_percolumn GROUP BY metric_name ORDER BY total DESC LIMIT 10 FORMAT Null"
"2026-02-14 17:14:12",201,100000000,900000000,5,3072,13431051,3554762,2843462,38495,20911,211994,"SELECT metric_name, sum(counter) AS total FROM exp01_compression.v3_percolumn GROUP BY metric_name ORDER BY total DESC LIMIT 10 FORMAT Null"
"2026-02-14 17:14:12",193,100000000,900000000,5,3072,13430715,3412747,2898672,33383,15640,37722,"SELECT metric_name, sum(counter) AS total FROM exp01_compression.v3_percolumn GROUP BY metric_name ORDER BY total DESC LIMIT 10 FORMAT Null"
"2026-02-14 17:14:13",190,100000000,900000000,5,3072,13430875,3352890,2880065,25959,15259,26688,"SELECT metric_name, sum(counter) AS total FROM exp01_compression.v3_percolumn GROUP BY metric_name ORDER BY total DESC LIMIT 10 FORMAT Null"
"2026-02-14 17:14:13",202,100000000,900000000,5,3072,13430715,3583060,3056082,31245,15958,35693,"SELECT metric_name, sum(counter) AS total FROM exp01_compression.v3_percolumn GROUP BY metric_name ORDER BY total DESC LIMIT 10 FORMAT Null"
"2026-02-14 17:14:13",213,100000000,900000000,5,3072,13430715,3780686,3175833,26295,16513,100350,"SELECT metric_name, sum(counter) AS total FROM exp01_compression.v3_percolumn GROUP BY metric_name ORDER BY total DESC LIMIT 10 FORMAT Null"
"2026-02-14 17:14:13",214,100000000,900000000,5,3072,13430715,3795213,3252943,26373,17028,46207,"SELECT metric_name, sum(counter) AS total FROM exp01_compression.v3_percolumn GROUP BY metric_name ORDER BY total DESC LIMIT 10 FORMAT Null"
"2026-02-14 17:14:14",212,100000000,900000000,5,2860,13430875,3742548,3230502,23739,16453,28113,"SELECT metric_name, sum(counter) AS total FROM exp01_compression.v3_percolumn GROUP BY metric_name ORDER BY total DESC LIMIT 10 FORMAT Null"
"2026-02-14 17:14:14",207,100000000,900000000,5,2860,13430715,3663367,3150955,18147,16499,34151,"SELECT metric_name, sum(counter) AS total FROM exp01_compression.v3_percolumn GROUP BY metric_name ORDER BY total DESC LIMIT 10 FORMAT Null"
"2026-02-14 17:14:14",202,100000000,900000000,5,2860,13430715,3579843,3078082,19783,16464,33858,"SELECT metric_name, sum(counter) AS total FROM exp01_compression.v3_percolumn GROUP BY metric_name ORDER BY total DESC LIMIT 10 FORMAT Null"
"2026-02-14 17:14:14",191,100000000,900000000,5,2860,13430715,3369700,2876027,26460,15327,43284,"SELECT metric_name, sum(counter) AS total FROM exp01_compression.v3_percolumn GROUP BY metric_name ORDER BY total DESC LIMIT 10 FORMAT Null"
"2026-02-14 17:14:15",191,100000000,900000000,5,3072,13430875,3378735,2905817,18028,15415,31904,"SELECT metric_name, sum(counter) AS total FROM exp01_compression.v3_percolumn GROUP BY metric_name ORDER BY total DESC LIMIT 10 FORMAT Null"
"2026-02-14 17:14:15",204,100000000,900000000,5,2860,13430715,3617156,3111153,27756,16075,33471,"SELECT metric_name, sum(counter) AS total FROM exp01_compression.v3_percolumn GROUP BY metric_name ORDER BY total DESC LIMIT 10 FORMAT Null"
"2026-02-14 17:14:15",471,100000000,900000000,4,3028,15828399,11584242,3603721,826226,3073220,148227,"SELECT region, avg(value), count() FROM exp01_compression.v3_percolumn GROUP BY region ORDER BY count() DESC FORMAT Null"
"2026-02-14 17:14:16",185,100000000,900000000,4,3028,15811343,3266066,2674097,125012,134421,35413,"SELECT region, avg(value), count() FROM exp01_compression.v3_percolumn GROUP BY region ORDER BY count() DESC FORMAT Null"
"2026-02-14 17:14:16",196,100000000,900000000,4,3028,15811343,3451788,2799391,156939,133846,29471,"SELECT region, avg(value), count() FROM exp01_compression.v3_percolumn GROUP BY region ORDER BY count() DESC FORMAT Null"
"2026-02-14 17:14:17",183,100000000,900000000,4,3028,15811343,3238358,2646775,131733,129636,28172,"SELECT region, avg(value), count() FROM exp01_compression.v3_percolumn GROUP BY region ORDER BY count() DESC FORMAT Null"
"2026-02-14 17:14:17",199,100000000,900000000,4,3028,15811343,3520098,2871265,146553,137059,50287,"SELECT region, avg(value), count() FROM exp01_compression.v3_percolumn GROUP BY region ORDER BY count() DESC FORMAT Null"
"2026-02-14 17:14:17",192,100000000,900000000,4,3028,15811343,3387558,2781602,135558,138920,40923,"SELECT region, avg(value), count() FROM exp01_compression.v3_percolumn GROUP BY region ORDER BY count() DESC FORMAT Null"
"2026-02-14 17:14:18",175,100000000,900000000,4,3028,15811343,3093026,2527158,135723,131535,32457,"SELECT region, avg(value), count() FROM exp01_compression.v3_percolumn GROUP BY region ORDER BY count() DESC FORMAT Null"
"2026-02-14 17:14:18",204,100000000,900000000,4,3028,15811343,3610839,2923618,172183,143429,47240,"SELECT region, avg(value), count() FROM exp01_compression.v3_percolumn GROUP BY region ORDER BY count() DESC FORMAT Null"
"2026-02-14 17:14:19",206,100000000,900000000,4,3028,15811343,3640905,2926659,167433,147627,71695,"SELECT region, avg(value), count() FROM exp01_compression.v3_percolumn GROUP BY region ORDER BY count() DESC FORMAT Null"
"2026-02-14 17:14:19",212,100000000,900000000,4,3028,15811343,3759632,2872365,148123,143259,230452,"SELECT region, avg(value), count() FROM exp01_compression.v3_percolumn GROUP BY region ORDER BY count() DESC FORMAT Null"
"2026-02-14 17:14:19",194,100000000,900000000,4,3028,15811007,3423871,2829926,123901,135207,39068,"SELECT region, avg(value), count() FROM exp01_compression.v3_percolumn GROUP BY region ORDER BY count() DESC FORMAT Null"
"2026-02-14 17:14:20",193,100000000,900000000,4,3028,15811167,3406749,2802609,131963,136007,36039,"SELECT region, avg(value), count() FROM exp01_compression.v3_percolumn GROUP BY region ORDER BY count() DESC FORMAT Null"
"2026-02-14 17:14:20",184,100000000,900000000,4,3028,15811007,3262981,2690500,128577,129569,29349,"SELECT region, avg(value), count() FROM exp01_compression.v3_percolumn GROUP BY region ORDER BY count() DESC FORMAT Null"
"2026-02-14 17:14:20",199,100000000,900000000,4,3028,15811007,3532176,2918570,144495,134052,31749,"SELECT region, avg(value), count() FROM exp01_compression.v3_percolumn GROUP BY region ORDER BY count() DESC FORMAT Null"
"2026-02-14 17:14:20",198,100000000,900000000,4,3028,15811007,3506127,2878778,165205,134204,32872,"SELECT region, avg(value), count() FROM exp01_compression.v3_percolumn GROUP BY region ORDER BY count() DESC FORMAT Null"
"2026-02-14 17:14:21",206,100000000,900000000,4,3028,15811167,3654718,2985270,145206,137617,50029,"SELECT region, avg(value), count() FROM exp01_compression.v3_percolumn GROUP BY region ORDER BY count() DESC FORMAT Null"
"2026-02-14 17:14:21",199,100000000,900000000,4,3028,15811007,3509091,2878792,126740,135306,46731,"SELECT region, avg(value), count() FROM exp01_compression.v3_percolumn GROUP BY region ORDER BY count() DESC FORMAT Null"
"2026-02-14 17:14:21",185,100000000,900000000,4,3028,15811007,3260398,2666713,153762,137695,38932,"SELECT region, avg(value), count() FROM exp01_compression.v3_percolumn GROUP BY region ORDER BY count() DESC FORMAT Null"
"2026-02-14 17:14:21",195,100000000,900000000,4,3028,15811007,3454483,2797493,135450,134727,98590,"SELECT region, avg(value), count() FROM exp01_compression.v3_percolumn GROUP BY region ORDER BY count() DESC FORMAT Null"
"2026-02-14 17:14:22",207,100000000,900000000,4,3028,15811167,3676553,2856749,152449,156233,184330,"SELECT region, avg(value), count() FROM exp01_compression.v3_percolumn GROUP BY region ORDER BY count() DESC FORMAT Null"
"2026-02-14 17:14:22",195,100000000,900000000,4,3028,15811343,3454651,2716170,126795,150502,153645,"SELECT region, avg(value), count() FROM exp01_compression.v3_percolumn GROUP BY region ORDER BY count() DESC FORMAT Null"
"2026-02-14 17:14:22",15,262144,3407987,1,136,1591657,212383,17569,5865,10337,42,"SELECT sum(counter) FROM exp01_compression.v4_percolumn_zstd WHERE metric_name='cpu_usage' AND timestamp BETWEEN '2024-01-01' AND '2024-01-02' FORMAT Null"
"2026-02-14 17:14:22",9,262144,3407987,1,136,1651867,92859,15767,3147,169,0,"SELECT sum(counter) FROM exp01_compression.v4_percolumn_zstd WHERE metric_name='cpu_usage' AND timestamp BETWEEN '2024-01-01' AND '2024-01-02' FORMAT Null"
"2026-02-14 17:14:23",8,262144,3407987,1,136,1714767,92357,15209,2862,152,30,"SELECT sum(counter) FROM exp01_compression.v4_percolumn_zstd WHERE metric_name='cpu_usage' AND timestamp BETWEEN '2024-01-01' AND '2024-01-02' FORMAT Null"
"2026-02-14 17:14:23",10,262144,3407987,1,136,1203079,96869,19162,815,184,118,"SELECT sum(counter) FROM exp01_compression.v4_percolumn_zstd WHERE metric_name='cpu_usage' AND timestamp BETWEEN '2024-01-01' AND '2024-01-02' FORMAT Null"
"2026-02-14 17:14:23",9,262144,3407987,1,136,2206940,98661,17783,2499,199,189,"SELECT sum(counter) FROM exp01_compression.v4_percolumn_zstd WHERE metric_name='cpu_usage' AND timestamp BETWEEN '2024-01-01' AND '2024-01-02' FORMAT Null"
"2026-02-14 17:14:23",9,262144,3407987,1,136,1684852,101035,16188,3937,174,21,"SELECT sum(counter) FROM exp01_compression.v4_percolumn_zstd WHERE metric_name='cpu_usage' AND timestamp BETWEEN '2024-01-01' AND '2024-01-02' FORMAT Null"
"2026-02-14 17:14:24",10,262144,3407987,1,136,1159678,103404,17477,2548,161,81,"SELECT sum(counter) FROM exp01_compression.v4_percolumn_zstd WHERE metric_name='cpu_usage' AND timestamp BETWEEN '2024-01-01' AND '2024-01-02' FORMAT Null"
"2026-02-14 17:14:24",9,262144,3407987,1,136,2206940,89602,13673,4217,139,144,"SELECT sum(counter) FROM exp01_compression.v4_percolumn_zstd WHERE metric_name='cpu_usage' AND timestamp BETWEEN '2024-01-01' AND '2024-01-02' FORMAT Null"
"2026-02-14 17:14:24",9,262144,3407987,1,136,1651994,97113,17015,1501,153,0,"SELECT sum(counter) FROM exp01_compression.v4_percolumn_zstd WHERE metric_name='cpu_usage' AND timestamp BETWEEN '2024-01-01' AND '2024-01-02' FORMAT Null"
"2026-02-14 17:14:24",9,262144,3407987,1,136,2206940,98633,16591,2590,175,94,"SELECT sum(counter) FROM exp01_compression.v4_percolumn_zstd WHERE metric_name='cpu_usage' AND timestamp BETWEEN '2024-01-01' AND '2024-01-02' FORMAT Null"
"2026-02-14 17:14:24",8,262144,3407987,1,136,1096473,60299,11618,5017,132,78,"SELECT sum(counter) FROM exp01_compression.v4_percolumn_zstd WHERE metric_name='cpu_usage' AND timestamp BETWEEN '2024-01-01' AND '2024-01-02' FORMAT Null"
"2026-02-14 17:14:24",7,262144,3407987,1,136,1192487,57726,14283,1336,120,94,"SELECT sum(counter) FROM exp01_compression.v4_percolumn_zstd WHERE metric_name='cpu_usage' AND timestamp BETWEEN '2024-01-01' AND '2024-01-02' FORMAT Null"
"2026-02-14 17:14:24",8,262144,3407987,1,136,1265419,63768,14600,2691,119,282,"SELECT sum(counter) FROM exp01_compression.v4_percolumn_zstd WHERE metric_name='cpu_usage' AND timestamp BETWEEN '2024-01-01' AND '2024-01-02' FORMAT Null"
"2026-02-14 17:14:25",8,262144,3407987,1,136,2206492,66237,10227,8406,137,52,"SELECT sum(counter) FROM exp01_compression.v4_percolumn_zstd WHERE metric_name='cpu_usage' AND timestamp BETWEEN '2024-01-01' AND '2024-01-02' FORMAT Null"
"2026-02-14 17:14:25",7,262144,3407987,1,136,1270211,63199,12750,3237,114,84,"SELECT sum(counter) FROM exp01_compression.v4_percolumn_zstd WHERE metric_name='cpu_usage' AND timestamp BETWEEN '2024-01-01' AND '2024-01-02' FORMAT Null"
"2026-02-14 17:14:25",7,262144,3407987,1,136,1646611,56243,10214,4429,92,11,"SELECT sum(counter) FROM exp01_compression.v4_percolumn_zstd WHERE metric_name='cpu_usage' AND timestamp BETWEEN '2024-01-01' AND '2024-01-02' FORMAT Null"
"2026-02-14 17:14:25",7,262144,3407987,1,136,1197823,54631,14402,1376,128,99,"SELECT sum(counter) FROM exp01_compression.v4_percolumn_zstd WHERE metric_name='cpu_usage' AND timestamp BETWEEN '2024-01-01' AND '2024-01-02' FORMAT Null"
"2026-02-14 17:14:25",7,262144,3407987,1,136,1193158,65383,12328,3654,118,72,"SELECT sum(counter) FROM exp01_compression.v4_percolumn_zstd WHERE metric_name='cpu_usage' AND timestamp BETWEEN '2024-01-01' AND '2024-01-02' FORMAT Null"
"2026-02-14 17:14:25",10,262144,3407987,1,136,1282338,104302,14462,4951,175,30,"SELECT sum(counter) FROM exp01_compression.v4_percolumn_zstd WHERE metric_name='cpu_usage' AND timestamp BETWEEN '2024-01-01' AND '2024-01-02' FORMAT Null"
"2026-02-14 17:14:25",8,262144,3407987,1,136,1085177,72713,11597,6181,137,110,"SELECT sum(counter) FROM exp01_compression.v4_percolumn_zstd WHERE metric_name='cpu_usage' AND timestamp BETWEEN '2024-01-01' AND '2024-01-02' FORMAT Null"
"2026-02-14 17:14:25",7,262144,3407987,1,136,1193031,62222,11952,4411,138,70,"SELECT sum(counter) FROM exp01_compression.v4_percolumn_zstd WHERE metric_name='cpu_usage' AND timestamp BETWEEN '2024-01-01' AND '2024-01-02' FORMAT Null"
"2026-02-14 17:14:25",86,100000000,900000000,5,3072,12241412,1497510,1146112,23536,24420,70947,"SELECT metric_name, sum(counter) AS total FROM exp01_compression.v4_percolumn_zstd GROUP BY metric_name ORDER BY total DESC LIMIT 10 FORMAT Null"
"2026-02-14 17:14:26",85,100000000,900000000,5,3072,12237572,1481735,1217578,6606,4312,41455,"SELECT metric_name, sum(counter) AS total FROM exp01_compression.v4_percolumn_zstd GROUP BY metric_name ORDER BY total DESC LIMIT 10 FORMAT Null"
"2026-02-14 17:14:26",94,100000000,900000000,5,3072,12237572,1634355,1209970,14851,4520,163300,"SELECT metric_name, sum(counter) AS total FROM exp01_compression.v4_percolumn_zstd GROUP BY metric_name ORDER BY total DESC LIMIT 10 FORMAT Null"
"2026-02-14 17:14:26",93,100000000,900000000,5,3072,12237572,1607838,1195512,13239,4249,171185,"SELECT metric_name, sum(counter) AS total FROM exp01_compression.v4_percolumn_zstd GROUP BY metric_name ORDER BY total DESC LIMIT 10 FORMAT Null"
"2026-02-14 17:14:26",90,100000000,900000000,5,3072,12237572,1524004,1211356,7604,4640,87126,"SELECT metric_name, sum(counter) AS total FROM exp01_compression.v4_percolumn_zstd GROUP BY metric_name ORDER BY total DESC LIMIT 10 FORMAT Null"
"2026-02-14 17:14:27",88,100000000,900000000,5,2860,12237572,1516135,1211887,9449,4320,77450,"SELECT metric_name, sum(counter) AS total FROM exp01_compression.v4_percolumn_zstd GROUP BY metric_name ORDER BY total DESC LIMIT 10 FORMAT Null"
"2026-02-14 17:14:27",86,100000000,900000000,5,3072,12237572,1491742,1186593,5714,4369,84131,"SELECT metric_name, sum(counter) AS total FROM exp01_compression.v4_percolumn_zstd GROUP BY metric_name ORDER BY total DESC LIMIT 10 FORMAT Null"
"2026-02-14 17:14:27",86,100000000,900000000,5,2860,12237572,1498782,1192380,9605,4113,86108,"SELECT metric_name, sum(counter) AS total FROM exp01_compression.v4_percolumn_zstd GROUP BY metric_name ORDER BY total DESC LIMIT 10 FORMAT Null"
"2026-02-14 17:14:28",86,100000000,900000000,5,3072,12237572,1484781,1171429,10918,7953,75801,"SELECT metric_name, sum(counter) AS total FROM exp01_compression.v4_percolumn_zstd GROUP BY metric_name ORDER BY total DESC LIMIT 10 FORMAT Null"
"2026-02-14 17:14:28",85,100000000,900000000,5,3072,12237572,1484883,1180094,6626,4207,84111,"SELECT metric_name, sum(counter) AS total FROM exp01_compression.v4_percolumn_zstd GROUP BY metric_name ORDER BY total DESC LIMIT 10 FORMAT Null"
"2026-02-14 17:14:28",86,100000000,900000000,5,3072,12237572,1490756,1189081,4131,4285,81950,"SELECT metric_name, sum(counter) AS total FROM exp01_compression.v4_percolumn_zstd GROUP BY metric_name ORDER BY total DESC LIMIT 10 FORMAT Null"
"2026-02-14 17:14:28",95,100000000,900000000,5,3072,12237572,1620911,1240595,10511,4677,127803,"SELECT metric_name, sum(counter) AS total FROM exp01_compression.v4_percolumn_zstd GROUP BY metric_name ORDER BY total DESC LIMIT 10 FORMAT Null"
"2026-02-14 17:14:28",87,100000000,900000000,5,3072,12237236,1515895,1225961,7824,4565,89011,"SELECT metric_name, sum(counter) AS total FROM exp01_compression.v4_percolumn_zstd GROUP BY metric_name ORDER BY total DESC LIMIT 10 FORMAT Null"
"2026-02-14 17:14:29",89,100000000,900000000,5,3072,12237572,1537998,1232566,7606,4306,81986,"SELECT metric_name, sum(counter) AS total FROM exp01_compression.v4_percolumn_zstd GROUP BY metric_name ORDER BY total DESC LIMIT 10 FORMAT Null"
"2026-02-14 17:14:29",87,100000000,900000000,5,3072,12237236,1512421,1194885,17218,4496,107556,"SELECT metric_name, sum(counter) AS total FROM exp01_compression.v4_percolumn_zstd GROUP BY metric_name ORDER BY total DESC LIMIT 10 FORMAT Null"
"2026-02-14 17:14:29",91,100000000,900000000,5,3072,12237572,1578475,1245722,7480,4230,97740,"SELECT metric_name, sum(counter) AS total FROM exp01_compression.v4_percolumn_zstd GROUP BY metric_name ORDER BY total DESC LIMIT 10 FORMAT Null"
"2026-02-14 17:14:29",90,100000000,900000000,5,3072,12237572,1559864,1237031,18877,4480,80349,"SELECT metric_name, sum(counter) AS total FROM exp01_compression.v4_percolumn_zstd GROUP BY metric_name ORDER BY total DESC LIMIT 10 FORMAT Null"
"2026-02-14 17:14:29",85,100000000,900000000,5,2860,12237236,1478347,1207054,8001,4243,78684,"SELECT metric_name, sum(counter) AS total FROM exp01_compression.v4_percolumn_zstd GROUP BY metric_name ORDER BY total DESC LIMIT 10 FORMAT Null"
"2026-02-14 17:14:29",90,100000000,900000000,5,3072,12237572,1508867,1192051,5765,4512,84084,"SELECT metric_name, sum(counter) AS total FROM exp01_compression.v4_percolumn_zstd GROUP BY metric_name ORDER BY total DESC LIMIT 10 FORMAT Null"
"2026-02-14 17:14:29",84,100000000,900000000,5,2860,12237236,1453675,1161550,12386,4004,90166,"SELECT metric_name, sum(counter) AS total FROM exp01_compression.v4_percolumn_zstd GROUP BY metric_name ORDER BY total DESC LIMIT 10 FORMAT Null"
"2026-02-14 17:14:30",88,100000000,900000000,5,2860,12237572,1533721,1224245,6816,4240,86210,"SELECT metric_name, sum(counter) AS total FROM exp01_compression.v4_percolumn_zstd GROUP BY metric_name ORDER BY total DESC LIMIT 10 FORMAT Null"
"2026-02-14 17:14:30",459,100000000,900000000,4,3028,15165610,10385288,4305351,596258,2124048,497019,"SELECT region, avg(value), count() FROM exp01_compression.v4_percolumn_zstd GROUP BY region ORDER BY count() DESC FORMAT Null"
"2026-02-14 17:14:31",238,100000000,900000000,4,3028,15151050,4228071,3376216,108720,105899,198963,"SELECT region, avg(value), count() FROM exp01_compression.v4_percolumn_zstd GROUP BY region ORDER BY count() DESC FORMAT Null"
"2026-02-14 17:14:31",256,100000000,900000000,4,3028,15151050,4543514,3592834,140013,114553,222575,"SELECT region, avg(value), count() FROM exp01_compression.v4_percolumn_zstd GROUP BY region ORDER BY count() DESC FORMAT Null"
"2026-02-14 17:14:31",266,100000000,900000000,4,3028,15151050,4731232,3593797,130839,114977,384920,"SELECT region, avg(value), count() FROM exp01_compression.v4_percolumn_zstd GROUP BY region ORDER BY count() DESC FORMAT Null"
"2026-02-14 17:14:32",258,100000000,900000000,4,3028,15151050,4562257,3572839,124396,113616,250331,"SELECT region, avg(value), count() FROM exp01_compression.v4_percolumn_zstd GROUP BY region ORDER BY count() DESC FORMAT Null"
"2026-02-14 17:14:32",246,100000000,900000000,4,3028,15151050,4359357,3430557,114420,109250,205447,"SELECT region, avg(value), count() FROM exp01_compression.v4_percolumn_zstd GROUP BY region ORDER BY count() DESC FORMAT Null"
"2026-02-14 17:14:33",257,100000000,900000000,4,3028,15151050,4558262,3371196,137275,118960,450351,"SELECT region, avg(value), count() FROM exp01_compression.v4_percolumn_zstd GROUP BY region ORDER BY count() DESC FORMAT Null"
"2026-02-14 17:14:33",275,100000000,900000000,4,3028,15151050,4860439,3789976,115849,137467,319680,"SELECT region, avg(value), count() FROM exp01_compression.v4_percolumn_zstd GROUP BY region ORDER BY count() DESC FORMAT Null"
"2026-02-14 17:14:34",263,100000000,900000000,4,3028,15151050,4672226,3670641,120517,107705,284117,"SELECT region, avg(value), count() FROM exp01_compression.v4_percolumn_zstd GROUP BY region ORDER BY count() DESC FORMAT Null"
"2026-02-14 17:14:34",272,100000000,900000000,4,3028,15151050,4835249,3886833,109241,113307,186988,"SELECT region, avg(value), count() FROM exp01_compression.v4_percolumn_zstd GROUP BY region ORDER BY count() DESC FORMAT Null"
"2026-02-14 17:14:35",258,100000000,900000000,4,3028,15150714,4590737,3610480,130666,117837,260058,"SELECT region, avg(value), count() FROM exp01_compression.v4_percolumn_zstd GROUP BY region ORDER BY count() DESC FORMAT Null"
"2026-02-14 17:14:35",281,100000000,900000000,4,3028,15150714,5005904,3951834,132229,126491,307955,"SELECT region, avg(value), count() FROM exp01_compression.v4_percolumn_zstd GROUP BY region ORDER BY count() DESC FORMAT Null"
"2026-02-14 17:14:35",275,100000000,900000000,4,3028,15151050,4888450,3884686,113233,116736,265067,"SELECT region, avg(value), count() FROM exp01_compression.v4_percolumn_zstd GROUP BY region ORDER BY count() DESC FORMAT Null"
"2026-02-14 17:14:36",250,100000000,900000000,4,3028,15151050,4433950,3526578,109814,115344,223370,"SELECT region, avg(value), count() FROM exp01_compression.v4_percolumn_zstd GROUP BY region ORDER BY count() DESC FORMAT Null"
"2026-02-14 17:14:36",260,100000000,900000000,4,3028,15151050,4613235,3597531,112573,117687,292301,"SELECT region, avg(value), count() FROM exp01_compression.v4_percolumn_zstd GROUP BY region ORDER BY count() DESC FORMAT Null"
"2026-02-14 17:14:36",275,100000000,900000000,4,3028,15151050,4879420,3898547,118903,116174,249797,"SELECT region, avg(value), count() FROM exp01_compression.v4_percolumn_zstd GROUP BY region ORDER BY count() DESC FORMAT Null"
"2026-02-14 17:14:37",251,100000000,900000000,4,3028,15151050,4455663,3589515,105642,108549,153601,"SELECT region, avg(value), count() FROM exp01_compression.v4_percolumn_zstd GROUP BY region ORDER BY count() DESC FORMAT Null"
"2026-02-14 17:14:37",264,100000000,900000000,4,3028,15150714,4697529,3743575,115891,111430,222104,"SELECT region, avg(value), count() FROM exp01_compression.v4_percolumn_zstd GROUP BY region ORDER BY count() DESC FORMAT Null"
"2026-02-14 17:14:37",273,100000000,900000000,4,3028,15151050,4858177,3877969,122274,114303,213568,"SELECT region, avg(value), count() FROM exp01_compression.v4_percolumn_zstd GROUP BY region ORDER BY count() DESC FORMAT Null"
"2026-02-14 17:14:37",262,100000000,900000000,4,3028,15151050,4635853,3712911,125057,116053,217970,"SELECT region, avg(value), count() FROM exp01_compression.v4_percolumn_zstd GROUP BY region ORDER BY count() DESC FORMAT Null"
"2026-02-14 17:14:38",271,100000000,900000000,4,3028,15151050,4808613,3824177,121248,119393,224442,"SELECT region, avg(value), count() FROM exp01_compression.v4_percolumn_zstd GROUP BY region ORDER BY count() DESC FORMAT Null"
"2026-02-14 17:14:38",16,262144,3407987,1,136,1760355,225593,20888,3242,10835,0,"SELECT sum(counter) FROM exp01_compression.v5_aggressive WHERE metric_name='cpu_usage' AND timestamp BETWEEN '2024-01-01' AND '2024-01-02' FORMAT Null"
"2026-02-14 17:14:38",9,262144,3407987,1,136,1193840,92001,14781,2704,129,61,"SELECT sum(counter) FROM exp01_compression.v5_aggressive WHERE metric_name='cpu_usage' AND timestamp BETWEEN '2024-01-01' AND '2024-01-02' FORMAT Null"
"2026-02-14 17:14:39",10,262144,3407987,1,136,1647295,101647,18814,1061,184,110,"SELECT sum(counter) FROM exp01_compression.v5_aggressive WHERE metric_name='cpu_usage' AND timestamp BETWEEN '2024-01-01' AND '2024-01-02' FORMAT Null"
"2026-02-14 17:14:39",8,262144,3407987,1,136,2206834,85603,15931,1941,133,158,"SELECT sum(counter) FROM exp01_compression.v5_aggressive WHERE metric_name='cpu_usage' AND timestamp BETWEEN '2024-01-01' AND '2024-01-02' FORMAT Null"
"2026-02-14 17:14:39",9,262144,3407987,1,136,1193840,92740,16641,2157,146,50,"SELECT sum(counter) FROM exp01_compression.v5_aggressive WHERE metric_name='cpu_usage' AND timestamp BETWEEN '2024-01-01' AND '2024-01-02' FORMAT Null"
"2026-02-14 17:14:39",9,262144,3407987,1,136,1719343,98673,19124,573,160,105,"SELECT sum(counter) FROM exp01_compression.v5_aggressive WHERE metric_name='cpu_usage' AND timestamp BETWEEN '2024-01-01' AND '2024-01-02' FORMAT Null"
"2026-02-14 17:14:40",10,262144,3407987,1,136,1647407,111740,16711,3761,287,0,"SELECT sum(counter) FROM exp01_compression.v5_aggressive WHERE metric_name='cpu_usage' AND timestamp BETWEEN '2024-01-01' AND '2024-01-02' FORMAT Null"
"2026-02-14 17:14:40",9,262144,3407987,1,136,1758059,96861,16625,2580,145,88,"SELECT sum(counter) FROM exp01_compression.v5_aggressive WHERE metric_name='cpu_usage' AND timestamp BETWEEN '2024-01-01' AND '2024-01-02' FORMAT Null"
"2026-02-14 17:14:40",9,262144,3407987,1,136,2206834,100813,17594,2019,153,138,"SELECT sum(counter) FROM exp01_compression.v5_aggressive WHERE metric_name='cpu_usage' AND timestamp BETWEEN '2024-01-01' AND '2024-01-02' FORMAT Null"
"2026-02-14 17:14:40",9,262144,3407987,1,136,1753267,88006,14807,2869,142,11,"SELECT sum(counter) FROM exp01_compression.v5_aggressive WHERE metric_name='cpu_usage' AND timestamp BETWEEN '2024-01-01' AND '2024-01-02' FORMAT Null"
"2026-02-14 17:14:40",7,262144,3407987,1,136,1645501,59990,14994,1402,144,109,"SELECT sum(counter) FROM exp01_compression.v5_aggressive WHERE metric_name='cpu_usage' AND timestamp BETWEEN '2024-01-01' AND '2024-01-02' FORMAT Null"
"2026-02-14 17:14:40",7,262144,3407987,1,136,1651319,59742,14120,2450,152,14,"SELECT sum(counter) FROM exp01_compression.v5_aggressive WHERE metric_name='cpu_usage' AND timestamp BETWEEN '2024-01-01' AND '2024-01-02' FORMAT Null"
"2026-02-14 17:14:41",8,262144,3407987,1,136,1192400,59682,15492,957,184,40,"SELECT sum(counter) FROM exp01_compression.v5_aggressive WHERE metric_name='cpu_usage' AND timestamp BETWEEN '2024-01-01' AND '2024-01-02' FORMAT Null"
"2026-02-14 17:14:41",7,262144,3407987,1,136,1646511,54843,14934,244,125,59,"SELECT sum(counter) FROM exp01_compression.v5_aggressive WHERE metric_name='cpu_usage' AND timestamp BETWEEN '2024-01-01' AND '2024-01-02' FORMAT Null"
"2026-02-14 17:14:41",8,262144,3407987,1,136,1270120,64694,16818,1880,140,0,"SELECT sum(counter) FROM exp01_compression.v5_aggressive WHERE metric_name='cpu_usage' AND timestamp BETWEEN '2024-01-01' AND '2024-01-02' FORMAT Null"
"2026-02-14 17:14:41",7,262144,3407987,1,136,1644333,60887,14926,1172,123,0,"SELECT sum(counter) FROM exp01_compression.v5_aggressive WHERE metric_name='cpu_usage' AND timestamp BETWEEN '2024-01-01' AND '2024-01-02' FORMAT Null"
"2026-02-14 17:14:41",8,262144,3407987,1,136,1091570,58767,12439,3693,128,11,"SELECT sum(counter) FROM exp01_compression.v5_aggressive WHERE metric_name='cpu_usage' AND timestamp BETWEEN '2024-01-01' AND '2024-01-02' FORMAT Null"
"2026-02-14 17:14:41",8,262144,3407987,1,136,710387,62289,11106,6398,138,5,"SELECT sum(counter) FROM exp01_compression.v5_aggressive WHERE metric_name='cpu_usage' AND timestamp BETWEEN '2024-01-01' AND '2024-01-02' FORMAT Null"
"2026-02-14 17:14:41",6,262144,3407987,1,136,1646511,55699,12214,2795,168,0,"SELECT sum(counter) FROM exp01_compression.v5_aggressive WHERE metric_name='cpu_usage' AND timestamp BETWEEN '2024-01-01' AND '2024-01-02' FORMAT Null"
"2026-02-14 17:14:41",7,262144,3407987,1,136,1192944,64382,13536,2964,122,72,"SELECT sum(counter) FROM exp01_compression.v5_aggressive WHERE metric_name='cpu_usage' AND timestamp BETWEEN '2024-01-01' AND '2024-01-02' FORMAT Null"
"2026-02-14 17:14:41",8,262144,3407987,1,136,1197736,75756,16182,1222,137,27,"SELECT sum(counter) FROM exp01_compression.v5_aggressive WHERE metric_name='cpu_usage' AND timestamp BETWEEN '2024-01-01' AND '2024-01-02' FORMAT Null"
"2026-02-14 17:14:41",88,100000000,900000000,5,3072,12240921,1536751,1238958,26419,21710,13113,"SELECT metric_name, sum(counter) AS total FROM exp01_compression.v5_aggressive GROUP BY metric_name ORDER BY total DESC LIMIT 10 FORMAT Null"
"2026-02-14 17:14:42",86,100000000,900000000,5,3072,12237081,1476543,1239603,16998,4458,11666,"SELECT metric_name, sum(counter) AS total FROM exp01_compression.v5_aggressive GROUP BY metric_name ORDER BY total DESC LIMIT 10 FORMAT Null"
"2026-02-14 17:14:42",84,100000000,900000000,5,3072,12237081,1451460,1217837,12638,4382,6227,"SELECT metric_name, sum(counter) AS total FROM exp01_compression.v5_aggressive GROUP BY metric_name ORDER BY total DESC LIMIT 10 FORMAT Null"
"2026-02-14 17:14:42",81,100000000,900000000,5,2860,12237081,1388282,1172988,5939,3745,5418,"SELECT metric_name, sum(counter) AS total FROM exp01_compression.v5_aggressive GROUP BY metric_name ORDER BY total DESC LIMIT 10 FORMAT Null"
"2026-02-14 17:14:42",84,100000000,900000000,5,2860,12237081,1458914,1227084,8861,4301,16499,"SELECT metric_name, sum(counter) AS total FROM exp01_compression.v5_aggressive GROUP BY metric_name ORDER BY total DESC LIMIT 10 FORMAT Null"
"2026-02-14 17:14:43",86,100000000,900000000,5,2860,12237081,1499135,1269637,9072,4369,10055,"SELECT metric_name, sum(counter) AS total FROM exp01_compression.v5_aggressive GROUP BY metric_name ORDER BY total DESC LIMIT 10 FORMAT Null"
"2026-02-14 17:14:43",81,100000000,900000000,5,3072,12237081,1395815,1169219,18848,4275,6018,"SELECT metric_name, sum(counter) AS total FROM exp01_compression.v5_aggressive GROUP BY metric_name ORDER BY total DESC LIMIT 10 FORMAT Null"
"2026-02-14 17:14:43",86,100000000,900000000,5,3072,12237081,1483124,1226689,23908,4344,25161,"SELECT metric_name, sum(counter) AS total FROM exp01_compression.v5_aggressive GROUP BY metric_name ORDER BY total DESC LIMIT 10 FORMAT Null"
"2026-02-14 17:14:44",93,100000000,900000000,5,3072,12237081,1616484,1266827,8891,4519,104679,"SELECT metric_name, sum(counter) AS total FROM exp01_compression.v5_aggressive GROUP BY metric_name ORDER BY total DESC LIMIT 10 FORMAT Null"
"2026-02-14 17:14:44",83,100000000,900000000,5,2860,12237081,1436915,1190849,14591,4045,23202,"SELECT metric_name, sum(counter) AS total FROM exp01_compression.v5_aggressive GROUP BY metric_name ORDER BY total DESC LIMIT 10 FORMAT Null"
"2026-02-14 17:14:44",85,100000000,900000000,5,3072,12236745,1465734,1257659,5524,4538,7014,"SELECT metric_name, sum(counter) AS total FROM exp01_compression.v5_aggressive GROUP BY metric_name ORDER BY total DESC LIMIT 10 FORMAT Null"
"2026-02-14 17:14:44",87,100000000,900000000,5,3072,12236745,1505406,1290987,6544,4576,10306,"SELECT metric_name, sum(counter) AS total FROM exp01_compression.v5_aggressive GROUP BY metric_name ORDER BY total DESC LIMIT 10 FORMAT Null"
"2026-02-14 17:14:44",80,100000000,900000000,5,2860,12236745,1375218,1180958,6649,3928,7341,"SELECT metric_name, sum(counter) AS total FROM exp01_compression.v5_aggressive GROUP BY metric_name ORDER BY total DESC LIMIT 10 FORMAT Null"
"2026-02-14 17:14:45",83,100000000,900000000,5,3072,12236905,1432921,1219556,7901,4563,13136,"SELECT metric_name, sum(counter) AS total FROM exp01_compression.v5_aggressive GROUP BY metric_name ORDER BY total DESC LIMIT 10 FORMAT Null"
"2026-02-14 17:14:45",84,100000000,900000000,5,2860,12236745,1456663,1258516,8293,4377,7739,"SELECT metric_name, sum(counter) AS total FROM exp01_compression.v5_aggressive GROUP BY metric_name ORDER BY total DESC LIMIT 10 FORMAT Null"
"2026-02-14 17:14:45",81,100000000,900000000,5,3072,12236745,1398713,1206926,4058,4232,5243,"SELECT metric_name, sum(counter) AS total FROM exp01_compression.v5_aggressive GROUP BY metric_name ORDER BY total DESC LIMIT 10 FORMAT Null"
"2026-02-14 17:14:45",82,100000000,900000000,5,3072,12236745,1408043,1209684,4712,4384,7020,"SELECT metric_name, sum(counter) AS total FROM exp01_compression.v5_aggressive GROUP BY metric_name ORDER BY total DESC LIMIT 10 FORMAT Null"
"2026-02-14 17:14:45",86,100000000,900000000,5,3072,12236745,1481257,1272519,6864,4648,6726,"SELECT metric_name, sum(counter) AS total FROM exp01_compression.v5_aggressive GROUP BY metric_name ORDER BY total DESC LIMIT 10 FORMAT Null"
"2026-02-14 17:14:45",83,100000000,900000000,5,3072,12236745,1435623,1230941,9816,4295,5823,"SELECT metric_name, sum(counter) AS total FROM exp01_compression.v5_aggressive GROUP BY metric_name ORDER BY total DESC LIMIT 10 FORMAT Null"
"2026-02-14 17:14:45",86,100000000,900000000,5,3072,12236745,1473887,1241767,7762,4889,30167,"SELECT metric_name, sum(counter) AS total FROM exp01_compression.v5_aggressive GROUP BY metric_name ORDER BY total DESC LIMIT 10 FORMAT Null"
"2026-02-14 17:14:46",86,100000000,900000000,5,3072,12236905,1472285,1266426,8263,4688,8237,"SELECT metric_name, sum(counter) AS total FROM exp01_compression.v5_aggressive GROUP BY metric_name ORDER BY total DESC LIMIT 10 FORMAT Null"
"2026-02-14 17:14:46",434,100000000,900000000,4,3028,15164982,9722903,4288256,616158,1904676,360563,"SELECT region, avg(value), count() FROM exp01_compression.v5_aggressive GROUP BY region ORDER BY count() DESC FORMAT Null"
"2026-02-14 17:14:46",242,100000000,900000000,4,3028,15150710,4285841,3439003,109851,110917,189363,"SELECT region, avg(value), count() FROM exp01_compression.v5_aggressive GROUP BY region ORDER BY count() DESC FORMAT Null"
"2026-02-14 17:14:47",260,100000000,900000000,4,3028,15150710,4604426,3504158,123185,115039,381314,"SELECT region, avg(value), count() FROM exp01_compression.v5_aggressive GROUP BY region ORDER BY count() DESC FORMAT Null"
"2026-02-14 17:14:47",254,100000000,900000000,4,3028,15150710,4490533,3685943,144586,115420,55167,"SELECT region, avg(value), count() FROM exp01_compression.v5_aggressive GROUP BY region ORDER BY count() DESC FORMAT Null"
"2026-02-14 17:14:48",248,100000000,900000000,4,3028,15150710,4402993,3673962,109425,113476,36247,"SELECT region, avg(value), count() FROM exp01_compression.v5_aggressive GROUP BY region ORDER BY count() DESC FORMAT Null"
"2026-02-14 17:14:48",251,100000000,900000000,4,3028,15150710,4451584,3696977,128210,113489,63047,"SELECT region, avg(value), count() FROM exp01_compression.v5_aggressive GROUP BY region ORDER BY count() DESC FORMAT Null"
"2026-02-14 17:14:49",261,100000000,900000000,4,3028,15150710,4646351,3893105,129361,117668,40390,"SELECT region, avg(value), count() FROM exp01_compression.v5_aggressive GROUP BY region ORDER BY count() DESC FORMAT Null"
"2026-02-14 17:14:49",251,100000000,900000000,4,3028,15150710,4432440,3679815,112121,116759,43970,"SELECT region, avg(value), count() FROM exp01_compression.v5_aggressive GROUP BY region ORDER BY count() DESC FORMAT Null"
"2026-02-14 17:14:50",272,100000000,900000000,4,3028,15150710,4823376,3907416,156890,122654,144172,"SELECT region, avg(value), count() FROM exp01_compression.v5_aggressive GROUP BY region ORDER BY count() DESC FORMAT Null"
"2026-02-14 17:14:50",252,100000000,900000000,4,3028,15150710,4476329,3727631,117235,113086,37522,"SELECT region, avg(value), count() FROM exp01_compression.v5_aggressive GROUP BY region ORDER BY count() DESC FORMAT Null"
"2026-02-14 17:14:50",277,100000000,900000000,4,3028,15150374,4927934,4161583,114635,116523,47515,"SELECT region, avg(value), count() FROM exp01_compression.v5_aggressive GROUP BY region ORDER BY count() DESC FORMAT Null"
"2026-02-14 17:14:51",264,100000000,900000000,4,3028,15150534,4691935,3951472,113804,116082,36770,"SELECT region, avg(value), count() FROM exp01_compression.v5_aggressive GROUP BY region ORDER BY count() DESC FORMAT Null"
"2026-02-14 17:14:51",248,100000000,900000000,4,3028,15150374,4403535,3668473,106076,107648,75604,"SELECT region, avg(value), count() FROM exp01_compression.v5_aggressive GROUP BY region ORDER BY count() DESC FORMAT Null"
"2026-02-14 17:14:51",278,100000000,900000000,4,3028,15150374,4942544,4158404,131767,119455,50519,"SELECT region, avg(value), count() FROM exp01_compression.v5_aggressive GROUP BY region ORDER BY count() DESC FORMAT Null"
"2026-02-14 17:14:52",246,100000000,900000000,4,3028,15150534,4376768,3654452,129879,113030,34544,"SELECT region, avg(value), count() FROM exp01_compression.v5_aggressive GROUP BY region ORDER BY count() DESC FORMAT Null"
"2026-02-14 17:14:52",241,100000000,900000000,4,3028,15150374,4266542,3566667,126036,113669,31102,"SELECT region, avg(value), count() FROM exp01_compression.v5_aggressive GROUP BY region ORDER BY count() DESC FORMAT Null"
"2026-02-14 17:14:52",250,100000000,900000000,4,3028,15150374,4424871,3712592,104240,112175,47860,"SELECT region, avg(value), count() FROM exp01_compression.v5_aggressive GROUP BY region ORDER BY count() DESC FORMAT Null"
"2026-02-14 17:14:53",265,100000000,900000000,4,3028,15150534,4698191,3882501,144629,124407,60124,"SELECT region, avg(value), count() FROM exp01_compression.v5_aggressive GROUP BY region ORDER BY count() DESC FORMAT Null"
"2026-02-14 17:14:53",223,100000000,900000000,4,3028,15150374,3946554,3287240,114049,107604,33642,"SELECT region, avg(value), count() FROM exp01_compression.v5_aggressive GROUP BY region ORDER BY count() DESC FORMAT Null"
"2026-02-14 17:14:53",242,100000000,900000000,4,3028,15150374,4295382,3559690,155743,111989,35417,"SELECT region, avg(value), count() FROM exp01_compression.v5_aggressive GROUP BY region ORDER BY count() DESC FORMAT Null"
"2026-02-14 17:14:53",245,100000000,900000000,4,3028,15150534,4343223,3621802,131150,111270,51784,"SELECT region, avg(value), count() FROM exp01_compression.v5_aggressive GROUP BY region ORDER BY count() DESC FORMAT Null"
"2026-02-14 17:28:06",2,15,705,15,5120,170378,2930,2514,4,0,0,"EXPLAIN indexes=1 SELECT avg(value) FROM exp01_compression.v1_default WHERE metric_name = 'cpu_usage' AND timestamp BETWEEN '2024-01-01 00:00:00' AND '2024-01-01 01:00:00'"
"2026-02-14 17:28:06",2,14,584,14,5120,153040,2463,2102,7,0,0,"EXPLAIN indexes=1 SELECT host, avg(value), max(value), min(value) FROM exp01_compression.v1_default WHERE metric_name = 'cpu_usage' GROUP BY host"
"2026-02-14 17:28:07",2,17,780,17,5120,173458,2706,1238,1143,0,0,"EXPLAIN indexes=1 SELECT toStartOfHour(timestamp) AS hour, avg(value) FROM exp01_compression.v1_default WHERE metric_name = 'cpu_usage' AND host = 'host_0' GROUP BY hour ORDER BY hour"
"2026-02-14 17:28:07",2,15,712,15,5120,170474,2918,2400,41,0,0,"EXPLAIN indexes=1 SELECT avg(value) FROM exp01_compression.v4_percolumn_zstd WHERE metric_name = 'cpu_usage' AND timestamp BETWEEN '2024-01-01 00:00:00' AND '2024-01-01 01:00:00'"
"2026-02-14 17:28:07",2,14,591,14,5120,153136,2566,1937,156,0,0,"EXPLAIN indexes=1 SELECT host, avg(value), max(value), min(value) FROM exp01_compression.v4_percolumn_zstd WHERE metric_name = 'cpu_usage' GROUP BY host"
"2026-02-14 17:28:08",3,17,787,17,5120,173586,3659,3080,145,0,0,"EXPLAIN indexes=1 SELECT toStartOfHour(timestamp) AS hour, avg(value) FROM exp01_compression.v4_percolumn_zstd WHERE metric_name = 'cpu_usage' AND host = 'host_0' GROUP BY hour ORDER BY hour"
