query,variant,run,cache_state,elapsed_ms
Q01,v1_default,1,cold,16
Q01,v1_default,2,cold,15
Q01,v1_default,3,cold,16
Q01,v1_default,4,cold,17
Q01,v1_default,5,cold,15
Q01,v1_default,6,cold,17
Q01,v1_default,7,cold,18
Q01,v1_default,8,cold,17
Q01,v1_default,9,cold,17
Q01,v1_default,10,cold,16
Q01,v1_default,1,warm,5
Q01,v1_default,2,warm,4
Q01,v1_default,3,warm,5
Q01,v1_default,4,warm,5
Q01,v1_default,5,warm,5
Q01,v1_default,6,warm,5
Q01,v1_default,7,warm,5
Q01,v1_default,8,warm,5
Q01,v1_default,9,warm,5
Q01,v1_default,10,warm,5
Q01,v2_zstd,1,cold,18
Q01,v2_zstd,2,cold,16
Q01,v2_zstd,3,cold,16
Q01,v2_zstd,4,cold,16
Q01,v2_zstd,5,cold,17
Q01,v2_zstd,6,cold,16
Q01,v2_zstd,7,cold,17
Q01,v2_zstd,8,cold,18
Q01,v2_zstd,9,cold,16
Q01,v2_zstd,10,cold,14
Q01,v2_zstd,1,warm,5
Q01,v2_zstd,2,warm,5
Q01,v2_zstd,3,warm,6
Q01,v2_zstd,4,warm,5
Q01,v2_zstd,5,warm,6
Q01,v2_zstd,6,warm,5
Q01,v2_zstd,7,warm,5
Q01,v2_zstd,8,warm,5
Q01,v2_zstd,9,warm,4
Q01,v2_zstd,10,warm,6
Q01,v3_percolumn,1,cold,16
Q01,v3_percolumn,2,cold,16
Q01,v3_percolumn,3,cold,16
Q01,v3_percolumn,4,cold,19
Q01,v3_percolumn,5,cold,16
Q01,v3_percolumn,6,cold,16
Q01,v3_percolumn,7,cold,18
Q01,v3_percolumn,8,cold,16
Q01,v3_percolumn,9,cold,16
Q01,v3_percolumn,10,cold,17
Q01,v3_percolumn,1,warm,5
Q01,v3_percolumn,2,warm,5
Q01,v3_percolumn,3,warm,6
Q01,v3_percolumn,4,warm,5
Q01,v3_percolumn,5,warm,6
Q01,v3_percolumn,6,warm,5
Q01,v3_percolumn,7,warm,6
Q01,v3_percolumn,8,warm,6
Q01,v3_percolumn,9,warm,4
Q01,v3_percolumn,10,warm,5
Q01,v4_percolumn_zstd,1,cold,18
Q01,v4_percolumn_zstd,2,cold,16
Q01,v4_percolumn_zstd,3,cold,16
Q01,v4_percolumn_zstd,4,cold,39
Q01,v4_percolumn_zstd,5,cold,15
Q01,v4_percolumn_zstd,6,cold,16
Q01,v4_percolumn_zstd,7,cold,15
Q01,v4_percolumn_zstd,8,cold,20
Q01,v4_percolumn_zstd,9,cold,15
Q01,v4_percolumn_zstd,10,cold,18
Q01,v4_percolumn_zstd,1,warm,6
Q01,v4_percolumn_zstd,2,warm,5
Q01,v4_percolumn_zstd,3,warm,5
Q01,v4_percolumn_zstd,4,warm,6
Q01,v4_percolumn_zstd,5,warm,5
Q01,v4_percolumn_zstd,6,warm,5
Q01,v4_percolumn_zstd,7,warm,5
Q01,v4_percolumn_zstd,8,warm,6
Q01,v4_percolumn_zstd,9,warm,6
Q01,v4_percolumn_zstd,10,warm,6
Q01,v5_aggressive,1,cold,24
Q01,v5_aggressive,2,cold,16
Q01,v5_aggressive,3,cold,17
Q01,v5_aggressive,4,cold,16
Q01,v5_aggressive,5,cold,14
Q01,v5_aggressive,6,cold,14
Q01,v5_aggressive,7,cold,15
Q01,v5_aggressive,8,cold,18
Q01,v5_aggressive,9,cold,18
Q01,v5_aggressive,10,cold,16
Q01,v5_aggressive,1,warm,6
Q01,v5_aggressive,2,warm,5
Q01,v5_aggressive,3,warm,5
Q01,v5_aggressive,4,warm,6
Q01,v5_aggressive,5,warm,7
Q01,v5_aggressive,6,warm,5
Q01,v5_aggressive,7,warm,5
Q01,v5_aggressive,8,warm,5
Q01,v5_aggressive,9,warm,7
Q01,v5_aggressive,10,warm,6
Q02,v1_default,1,cold,26
Q02,v1_default,2,cold,30
Q02,v1_default,3,cold,28
Q02,v1_default,4,cold,30
Q02,v1_default,5,cold,26
Q02,v1_default,6,cold,28
Q02,v1_default,7,cold,26
Q02,v1_default,8,cold,30
Q02,v1_default,9,cold,33
Q02,v1_default,10,cold,33
Q02,v1_default,1,warm,9
Q02,v1_default,2,warm,9
Q02,v1_default,3,warm,9
Q02,v1_default,4,warm,9
Q02,v1_default,5,warm,9
Q02,v1_default,6,warm,9
Q02,v1_default,7,warm,9
Q02,v1_default,8,warm,9
Q02,v1_default,9,warm,8
Q02,v1_default,10,warm,9
Q02,v2_zstd,1,cold,31
Q02,v2_zstd,2,cold,28
Q02,v2_zstd,3,cold,27
Q02,v2_zstd,4,cold,26
Q02,v2_zstd,5,cold,29
Q02,v2_zstd,6,cold,26
Q02,v2_zstd,7,cold,29
Q02,v2_zstd,8,cold,26
Q02,v2_zstd,9,cold,28
Q02,v2_zstd,10,cold,28
Q02,v2_zstd,1,warm,10
Q02,v2_zstd,2,warm,14
Q02,v2_zstd,3,warm,10
Q02,v2_zstd,4,warm,12
Q02,v2_zstd,5,warm,11
Q02,v2_zstd,6,warm,11
Q02,v2_zstd,7,warm,11
Q02,v2_zstd,8,warm,11
Q02,v2_zstd,9,warm,11
Q02,v2_zstd,10,warm,11
Q02,v3_percolumn,1,cold,27
Q02,v3_percolumn,2,cold,27
Q02,v3_percolumn,3,cold,26
Q02,v3_percolumn,4,cold,25
Q02,v3_percolumn,5,cold,26
Q02,v3_percolumn,6,cold,25
Q02,v3_percolumn,7,cold,26
Q02,v3_percolumn,8,cold,25
Q02,v3_percolumn,9,cold,25
Q02,v3_percolumn,10,cold,26
Q02,v3_percolumn,1,warm,12
Q02,v3_percolumn,2,warm,11
Q02,v3_percolumn,3,warm,13
Q02,v3_percolumn,4,warm,11
Q02,v3_percolumn,5,warm,11
Q02,v3_percolumn,6,warm,11
Q02,v3_percolumn,7,warm,12
Q02,v3_percolumn,8,warm,11
Q02,v3_percolumn,9,warm,11
Q02,v3_percolumn,10,warm,12
Q02,v4_percolumn_zstd,1,cold,26
Q02,v4_percolumn_zstd,2,cold,25
Q02,v4_percolumn_zstd,3,cold,25
Q02,v4_percolumn_zstd,4,cold,27
Q02,v4_percolumn_zstd,5,cold,23
Q02,v4_percolumn_zstd,6,cold,28
Q02,v4_percolumn_zstd,7,cold,27
Q02,v4_percolumn_zstd,8,cold,25
Q02,v4_percolumn_zstd,9,cold,26
Q02,v4_percolumn_zstd,10,cold,24
Q02,v4_percolumn_zstd,1,warm,12
Q02,v4_percolumn_zstd,2,warm,13
Q02,v4_percolumn_zstd,3,warm,12
Q02,v4_percolumn_zstd,4,warm,13
Q02,v4_percolumn_zstd,5,warm,11
Q02,v4_percolumn_zstd,6,warm,11
Q02,v4_percolumn_zstd,7,warm,11
Q02,v4_percolumn_zstd,8,warm,12
Q02,v4_percolumn_zstd,9,warm,12
Q02,v4_percolumn_zstd,10,warm,12
Q02,v5_aggressive,1,cold,26
Q02,v5_aggressive,2,cold,23
Q02,v5_aggressive,3,cold,23
Q02,v5_aggressive,4,cold,24
Q02,v5_aggressive,5,cold,26
Q02,v5_aggressive,6,cold,26
Q02,v5_aggressive,7,cold,27
Q02,v5_aggressive,8,cold,24
Q02,v5_aggressive,9,cold,25
Q02,v5_aggressive,10,cold,25
Q02,v5_aggressive,1,warm,11
Q02,v5_aggressive,2,warm,12
Q02,v5_aggressive,3,warm,13
Q02,v5_aggressive,4,warm,14
Q02,v5_aggressive,5,warm,13
Q02,v5_aggressive,6,warm,13
Q02,v5_aggressive,7,warm,12
Q02,v5_aggressive,8,warm,12
Q02,v5_aggressive,9,warm,13
Q02,v5_aggressive,10,warm,12
Q03,v1_default,1,cold,139
Q03,v1_default,2,cold,128
Q03,v1_default,3,cold,122
Q03,v1_default,4,cold,151
Q03,v1_default,5,cold,129
Q03,v1_default,6,cold,124
Q03,v1_default,7,cold,141
Q03,v1_default,8,cold,142
Q03,v1_default,9,cold,125
Q03,v1_default,10,cold,132
Q03,v1_default,1,warm,25
Q03,v1_default,2,warm,25
Q03,v1_default,3,warm,25
Q03,v1_default,4,warm,25
Q03,v1_default,5,warm,25
Q03,v1_default,6,warm,25
Q03,v1_default,7,warm,25
Q03,v1_default,8,warm,24
Q03,v1_default,9,warm,24
Q03,v1_default,10,warm,25
Q03,v2_zstd,1,cold,136
Q03,v2_zstd,2,cold,129
Q03,v2_zstd,3,cold,138
Q03,v2_zstd,4,cold,131
Q03,v2_zstd,5,cold,136
Q03,v2_zstd,6,cold,131
Q03,v2_zstd,7,cold,130
Q03,v2_zstd,8,cold,118
Q03,v2_zstd,9,cold,135
Q03,v2_zstd,10,cold,128
Q03,v2_zstd,1,warm,43
Q03,v2_zstd,2,warm,43
Q03,v2_zstd,3,warm,38
Q03,v2_zstd,4,warm,41
Q03,v2_zstd,5,warm,45
Q03,v2_zstd,6,warm,41
Q03,v2_zstd,7,warm,41
Q03,v2_zstd,8,warm,42
Q03,v2_zstd,9,warm,42
Q03,v2_zstd,10,warm,42
Q03,v3_percolumn,1,cold,146
Q03,v3_percolumn,2,cold,146
Q03,v3_percolumn,3,cold,146
Q03,v3_percolumn,4,cold,146
Q03,v3_percolumn,5,cold,144
Q03,v3_percolumn,6,cold,150
Q03,v3_percolumn,7,cold,159
Q03,v3_percolumn,8,cold,159
Q03,v3_percolumn,9,cold,149
Q03,v3_percolumn,10,cold,143
Q03,v3_percolumn,1,warm,49
Q03,v3_percolumn,2,warm,51
Q03,v3_percolumn,3,warm,51
Q03,v3_percolumn,4,warm,51
Q03,v3_percolumn,5,warm,50
Q03,v3_percolumn,6,warm,50
Q03,v3_percolumn,7,warm,49
Q03,v3_percolumn,8,warm,51
Q03,v3_percolumn,9,warm,54
Q03,v3_percolumn,10,warm,49
Q03,v4_percolumn_zstd,1,cold,142
Q03,v4_percolumn_zstd,2,cold,143
Q03,v4_percolumn_zstd,3,cold,125
Q03,v4_percolumn_zstd,4,cold,128
Q03,v4_percolumn_zstd,5,cold,153
Q03,v4_percolumn_zstd,6,cold,146
Q03,v4_percolumn_zstd,7,cold,140
Q03,v4_percolumn_zstd,8,cold,144
Q03,v4_percolumn_zstd,9,cold,141
Q03,v4_percolumn_zstd,10,cold,122
Q03,v4_percolumn_zstd,1,warm,68
Q03,v4_percolumn_zstd,2,warm,64
Q03,v4_percolumn_zstd,3,warm,67
Q03,v4_percolumn_zstd,4,warm,65
Q03,v4_percolumn_zstd,5,warm,66
Q03,v4_percolumn_zstd,6,warm,69
Q03,v4_percolumn_zstd,7,warm,62
Q03,v4_percolumn_zstd,8,warm,65
Q03,v4_percolumn_zstd,9,warm,68
Q03,v4_percolumn_zstd,10,warm,66
Q03,v5_aggressive,1,cold,146
Q03,v5_aggressive,2,cold,141
Q03,v5_aggressive,3,cold,132
Q03,v5_aggressive,4,cold,149
Q03,v5_aggressive,5,cold,140
Q03,v5_aggressive,6,cold,132
Q03,v5_aggressive,7,cold,130
Q03,v5_aggressive,8,cold,149
Q03,v5_aggressive,9,cold,141
Q03,v5_aggressive,10,cold,140
Q03,v5_aggressive,1,warm,69
Q03,v5_aggressive,2,warm,62
Q03,v5_aggressive,3,warm,67
Q03,v5_aggressive,4,warm,68
Q03,v5_aggressive,5,warm,69
Q03,v5_aggressive,6,warm,68
Q03,v5_aggressive,7,warm,69
Q03,v5_aggressive,8,warm,61
Q03,v5_aggressive,9,warm,60
Q03,v5_aggressive,10,warm,63
Q04,v1_default,1,cold,9
Q04,v1_default,2,cold,4
Q04,v1_default,3,cold,4
Q04,v1_default,4,cold,23
Q04,v1_default,5,cold,5
Q04,v1_default,6,cold,4
Q04,v1_default,7,cold,5
Q04,v1_default,8,cold,5
Q04,v1_default,9,cold,4
Q04,v1_default,10,cold,4
Q04,v1_default,1,warm,4
Q04,v1_default,2,warm,4
Q04,v1_default,3,warm,4
Q04,v1_default,4,warm,4
Q04,v1_default,5,warm,5
Q04,v1_default,6,warm,5
Q04,v1_default,7,warm,4
Q04,v1_default,8,warm,4
Q04,v1_default,9,warm,5
Q04,v1_default,10,warm,5
Q04,v2_zstd,1,cold,8
Q04,v2_zstd,2,cold,4
Q04,v2_zstd,3,cold,5
Q04,v2_zstd,4,cold,5
Q04,v2_zstd,5,cold,5
Q04,v2_zstd,6,cold,4
Q04,v2_zstd,7,cold,4
Q04,v2_zstd,8,cold,4
Q04,v2_zstd,9,cold,4
Q04,v2_zstd,10,cold,4
Q04,v2_zstd,1,warm,4
Q04,v2_zstd,2,warm,4
Q04,v2_zstd,3,warm,4
Q04,v2_zstd,4,warm,5
Q04,v2_zstd,5,warm,5
Q04,v2_zstd,6,warm,4
Q04,v2_zstd,7,warm,4
Q04,v2_zstd,8,warm,4
Q04,v2_zstd,9,warm,6
Q04,v2_zstd,10,warm,4
Q04,v3_percolumn,1,cold,8
Q04,v3_percolumn,2,cold,5
Q04,v3_percolumn,3,cold,4
Q04,v3_percolumn,4,cold,4
Q04,v3_percolumn,5,cold,4
Q04,v3_percolumn,6,cold,4
Q04,v3_percolumn,7,cold,5
Q04,v3_percolumn,8,cold,4
Q04,v3_percolumn,9,cold,4
Q04,v3_percolumn,10,cold,5
Q04,v3_percolumn,1,warm,4
Q04,v3_percolumn,2,warm,4
Q04,v3_percolumn,3,warm,4
Q04,v3_percolumn,4,warm,4
Q04,v3_percolumn,5,warm,4
Q04,v3_percolumn,6,warm,5
Q04,v3_percolumn,7,warm,5
Q04,v3_percolumn,8,warm,4
Q04,v3_percolumn,9,warm,4
Q04,v3_percolumn,10,warm,4
Q04,v4_percolumn_zstd,1,cold,8
Q04,v4_percolumn_zstd,2,cold,4
Q04,v4_percolumn_zstd,3,cold,5
Q04,v4_percolumn_zstd,4,cold,4
Q04,v4_percolumn_zstd,5,cold,4
Q04,v4_percolumn_zstd,6,cold,5
Q04,v4_percolumn_zstd,7,cold,4
Q04,v4_percolumn_zstd,8,cold,4
Q04,v4_percolumn_zstd,9,cold,4
Q04,v4_percolumn_zstd,10,cold,4
Q04,v4_percolumn_zstd,1,warm,5
Q04,v4_percolumn_zstd,2,warm,4
Q04,v4_percolumn_zstd,3,warm,4
Q04,v4_percolumn_zstd,4,warm,4
Q04,v4_percolumn_zstd,5,warm,4
Q04,v4_percolumn_zstd,6,warm,6
Q04,v4_percolumn_zstd,7,warm,4
Q04,v4_percolumn_zstd,8,warm,4
Q04,v4_percolumn_zstd,9,warm,4
Q04,v4_percolumn_zstd,10,warm,4
Q04,v5_aggressive,1,cold,11
Q04,v5_aggressive,2,cold,4
Q04,v5_aggressive,3,cold,4
Q04,v5_aggressive,4,cold,4
Q04,v5_aggressive,5,cold,5
Q04,v5_aggressive,6,cold,5
Q04,v5_aggressive,7,cold,4
Q04,v5_aggressive,8,cold,5
Q04,v5_aggressive,9,cold,4
Q04,v5_aggressive,10,cold,5
Q04,v5_aggressive,1,warm,4
Q04,v5_aggressive,2,warm,4
Q04,v5_aggressive,3,warm,4
Q04,v5_aggressive,4,warm,4
Q04,v5_aggressive,5,warm,4
Q04,v5_aggressive,6,warm,5
Q04,v5_aggressive,7,warm,5
Q04,v5_aggressive,8,warm,4
Q04,v5_aggressive,9,warm,4
Q04,v5_aggressive,10,warm,5
Q05,v1_default,1,cold,394
Q05,v1_default,2,cold,212
Q05,v1_default,3,cold,229
Q05,v1_default,4,cold,230
Q05,v1_default,5,cold,228
Q05,v1_default,6,cold,229
Q05,v1_default,7,cold,226
Q05,v1_default,8,cold,229
Q05,v1_default,9,cold,233
Q05,v1_default,10,cold,250
Q05,v1_default,1,warm,17
Q05,v1_default,2,warm,18
Q05,v1_default,3,warm,16
Q05,v1_default,4,warm,18
Q05,v1_default,5,warm,16
Q05,v1_default,6,warm,15
Q05,v1_default,7,warm,15
Q05,v1_default,8,warm,16
Q05,v1_default,9,warm,16
Q05,v1_default,10,warm,16
Q05,v2_zstd,1,cold,335
Q05,v2_zstd,2,cold,245
Q05,v2_zstd,3,cold,231
Q05,v2_zstd,4,cold,227
Q05,v2_zstd,5,cold,226
Q05,v2_zstd,6,cold,235
Q05,v2_zstd,7,cold,226
Q05,v2_zstd,8,cold,210
Q05,v2_zstd,9,cold,251
Q05,v2_zstd,10,cold,229
Q05,v2_zstd,1,warm,50
Q05,v2_zstd,2,warm,44
Q05,v2_zstd,3,warm,42
Q05,v2_zstd,4,warm,44
Q05,v2_zstd,5,warm,44
Q05,v2_zstd,6,warm,48
Q05,v2_zstd,7,warm,45
Q05,v2_zstd,8,warm,48
Q05,v2_zstd,9,warm,43
Q05,v2_zstd,10,warm,46
Q05,v3_percolumn,1,cold,480
Q05,v3_percolumn,2,cold,237
Q05,v3_percolumn,3,cold,232
Q05,v3_percolumn,4,cold,252
Q05,v3_percolumn,5,cold,253
Q05,v3_percolumn,6,cold,241
Q05,v3_percolumn,7,cold,275
Q05,v3_percolumn,8,cold,255
Q05,v3_percolumn,9,cold,253
Q05,v3_percolumn,10,cold,250
Q05,v3_percolumn,1,warm,61
Q05,v3_percolumn,2,warm,57
Q05,v3_percolumn,3,warm,64
Q05,v3_percolumn,4,warm,65
Q05,v3_percolumn,5,warm,59
Q05,v3_percolumn,6,warm,59
Q05,v3_percolumn,7,warm,64
Q05,v3_percolumn,8,warm,61
Q05,v3_percolumn,9,warm,56
Q05,v3_percolumn,10,warm,60
Q05,v4_percolumn_zstd,1,cold,368
Q05,v4_percolumn_zstd,2,cold,243
Q05,v4_percolumn_zstd,3,cold,235
Q05,v4_percolumn_zstd,4,cold,265
Q05,v4_percolumn_zstd,5,cold,249
Q05,v4_percolumn_zstd,6,cold,243
Q05,v4_percolumn_zstd,7,cold,227
Q05,v4_percolumn_zstd,8,cold,243
Q05,v4_percolumn_zstd,9,cold,230
Q05,v4_percolumn_zstd,10,cold,236
Q05,v4_percolumn_zstd,1,warm,90
Q05,v4_percolumn_zstd,2,warm,85
Q05,v4_percolumn_zstd,3,warm,86
Q05,v4_percolumn_zstd,4,warm,89
Q05,v4_percolumn_zstd,5,warm,86
Q05,v4_percolumn_zstd,6,warm,79
Q05,v4_percolumn_zstd,7,warm,95
Q05,v4_percolumn_zstd,8,warm,84
Q05,v4_percolumn_zstd,9,warm,91
Q05,v4_percolumn_zstd,10,warm,83
Q05,v5_aggressive,1,cold,429
Q05,v5_aggressive,2,cold,243
Q05,v5_aggressive,3,cold,239
Q05,v5_aggressive,4,cold,234
Q05,v5_aggressive,5,cold,234
Q05,v5_aggressive,6,cold,240
Q05,v5_aggressive,7,cold,233
Q05,v5_aggressive,8,cold,224
Q05,v5_aggressive,9,cold,213
Q05,v5_aggressive,10,cold,219
Q05,v5_aggressive,1,warm,91
Q05,v5_aggressive,2,warm,94
Q05,v5_aggressive,3,warm,96
Q05,v5_aggressive,4,warm,89
Q05,v5_aggressive,5,warm,95
Q05,v5_aggressive,6,warm,88
Q05,v5_aggressive,7,warm,92
Q05,v5_aggressive,8,warm,90
Q05,v5_aggressive,9,warm,90
Q05,v5_aggressive,10,warm,88
Q06,v1_default,1,cold,921
Q06,v1_default,2,cold,916
Q06,v1_default,3,cold,924
Q06,v1_default,4,cold,929
Q06,v1_default,5,cold,919
Q06,v1_default,6,cold,882
Q06,v1_default,7,cold,895
Q06,v1_default,8,cold,878
Q06,v1_default,9,cold,888
Q06,v1_default,10,cold,874
Q06,v1_default,1,warm,504
Q06,v1_default,2,warm,489
Q06,v1_default,3,warm,551
Q06,v1_default,4,warm,566
Q06,v1_default,5,warm,502
Q06,v1_default,6,warm,553
Q06,v1_default,7,warm,555
Q06,v1_default,8,warm,551
Q06,v1_default,9,warm,523
Q06,v1_default,10,warm,538
Q06,v2_zstd,1,cold,773
Q06,v2_zstd,2,cold,787
Q06,v2_zstd,3,cold,807
Q06,v2_zstd,4,cold,773
Q06,v2_zstd,5,cold,762
Q06,v2_zstd,6,cold,781
Q06,v2_zstd,7,cold,797
Q06,v2_zstd,8,cold,793
Q06,v2_zstd,9,cold,786
Q06,v2_zstd,10,cold,774
Q06,v2_zstd,1,warm,566
Q06,v2_zstd,2,warm,590
Q06,v2_zstd,3,warm,594
Q06,v2_zstd,4,warm,631
Q06,v2_zstd,5,warm,630
Q06,v2_zstd,6,warm,625
Q06,v2_zstd,7,warm,616
Q06,v2_zstd,8,warm,593
Q06,v2_zstd,9,warm,641
Q06,v2_zstd,10,warm,639
Q06,v3_percolumn,1,cold,916
Q06,v3_percolumn,2,cold,895
Q06,v3_percolumn,3,cold,862
Q06,v3_percolumn,4,cold,885
Q06,v3_percolumn,5,cold,890
Q06,v3_percolumn,6,cold,907
Q06,v3_percolumn,7,cold,879
Q06,v3_percolumn,8,cold,886
Q06,v3_percolumn,9,cold,868
Q06,v3_percolumn,10,cold,915
Q06,v3_percolumn,1,warm,729
Q06,v3_percolumn,2,warm,699
Q06,v3_percolumn,3,warm,696
Q06,v3_percolumn,4,warm,682
Q06,v3_percolumn,5,warm,731
Q06,v3_percolumn,6,warm,735
Q06,v3_percolumn,7,warm,723
Q06,v3_percolumn,8,warm,681
Q06,v3_percolumn,9,warm,760
Q06,v3_percolumn,10,warm,750
Q06,v4_percolumn_zstd,1,cold,810
Q06,v4_percolumn_zstd,2,cold,809
Q06,v4_percolumn_zstd,3,cold,820
Q06,v4_percolumn_zstd,4,cold,818
Q06,v4_percolumn_zstd,5,cold,820
Q06,v4_percolumn_zstd,6,cold,825
Q06,v4_percolumn_zstd,7,cold,807
Q06,v4_percolumn_zstd,8,cold,846
Q06,v4_percolumn_zstd,9,cold,822
Q06,v4_percolumn_zstd,10,cold,817
Q06,v4_percolumn_zstd,1,warm,602
Q06,v4_percolumn_zstd,2,warm,636
Q06,v4_percolumn_zstd,3,warm,638
Q06,v4_percolumn_zstd,4,warm,609
Q06,v4_percolumn_zstd,5,warm,649
Q06,v4_percolumn_zstd,6,warm,640
Q06,v4_percolumn_zstd,7,warm,660
Q06,v4_percolumn_zstd,8,warm,610
Q06,v4_percolumn_zstd,9,warm,670
Q06,v4_percolumn_zstd,10,warm,645
Q06,v5_aggressive,1,cold,774
Q06,v5_aggressive,2,cold,785
Q06,v5_aggressive,3,cold,813
Q06,v5_aggressive,4,cold,843
Q06,v5_aggressive,5,cold,841
Q06,v5_aggressive,6,cold,848
Q06,v5_aggressive,7,cold,803
Q06,v5_aggressive,8,cold,802
Q06,v5_aggressive,9,cold,811
Q06,v5_aggressive,10,cold,800
Q06,v5_aggressive,1,warm,595
Q06,v5_aggressive,2,warm,649
Q06,v5_aggressive,3,warm,641
Q06,v5_aggressive,4,warm,639
Q06,v5_aggressive,5,warm,655
Q06,v5_aggressive,6,warm,606
Q06,v5_aggressive,7,warm,607
Q06,v5_aggressive,8,warm,629
Q06,v5_aggressive,9,warm,635
Q06,v5_aggressive,10,warm,653
Q07,v1_default,1,cold,357
Q07,v1_default,2,cold,359
Q07,v1_default,3,cold,411
Q07,v1_default,4,cold,418
Q07,v1_default,5,cold,395
Q07,v1_default,6,cold,367
Q07,v1_default,7,cold,407
Q07,v1_default,8,cold,407
Q07,v1_default,9,cold,439
Q07,v1_default,10,cold,371
Q07,v1_default,1,warm,113
Q07,v1_default,2,warm,121
Q07,v1_default,3,warm,125
Q07,v1_default,4,warm,105
Q07,v1_default,5,warm,116
Q07,v1_default,6,warm,116
Q07,v1_default,7,warm,115
Q07,v1_default,8,warm,118
Q07,v1_default,9,warm,117
Q07,v1_default,10,warm,125
Q07,v2_zstd,1,cold,366
Q07,v2_zstd,2,cold,377
Q07,v2_zstd,3,cold,355
Q07,v2_zstd,4,cold,370
Q07,v2_zstd,5,cold,367
Q07,v2_zstd,6,cold,365
Q07,v2_zstd,7,cold,365
Q07,v2_zstd,8,cold,343
Q07,v2_zstd,9,cold,354
Q07,v2_zstd,10,cold,360
Q07,v2_zstd,1,warm,175
Q07,v2_zstd,2,warm,176
Q07,v2_zstd,3,warm,193
Q07,v2_zstd,4,warm,202
Q07,v2_zstd,5,warm,197
Q07,v2_zstd,6,warm,177
Q07,v2_zstd,7,warm,168
Q07,v2_zstd,8,warm,192
Q07,v2_zstd,9,warm,199
Q07,v2_zstd,10,warm,187
Q07,v3_percolumn,1,cold,493
Q07,v3_percolumn,2,cold,440
Q07,v3_percolumn,3,cold,502
Q07,v3_percolumn,4,cold,475
Q07,v3_percolumn,5,cold,484
Q07,v3_percolumn,6,cold,491
Q07,v3_percolumn,7,cold,501
Q07,v3_percolumn,8,cold,500
Q07,v3_percolumn,9,cold,454
Q07,v3_percolumn,10,cold,485
Q07,v3_percolumn,1,warm,223
Q07,v3_percolumn,2,warm,230
Q07,v3_percolumn,3,warm,215
Q07,v3_percolumn,4,warm,217
Q07,v3_percolumn,5,warm,224
Q07,v3_percolumn,6,warm,227
Q07,v3_percolumn,7,warm,224
Q07,v3_percolumn,8,warm,211
Q07,v3_percolumn,9,warm,214
Q07,v3_percolumn,10,warm,219
Q07,v4_percolumn_zstd,1,cold,472
Q07,v4_percolumn_zstd,2,cold,551
Q07,v4_percolumn_zstd,3,cold,475
Q07,v4_percolumn_zstd,4,cold,504
Q07,v4_percolumn_zstd,5,cold,486
Q07,v4_percolumn_zstd,6,cold,463
Q07,v4_percolumn_zstd,7,cold,452
Q07,v4_percolumn_zstd,8,cold,500
Q07,v4_percolumn_zstd,9,cold,471
Q07,v4_percolumn_zstd,10,cold,498
Q07,v4_percolumn_zstd,1,warm,276
Q07,v4_percolumn_zstd,2,warm,273
Q07,v4_percolumn_zstd,3,warm,269
Q07,v4_percolumn_zstd,4,warm,294
Q07,v4_percolumn_zstd,5,warm,271
Q07,v4_percolumn_zstd,6,warm,265
Q07,v4_percolumn_zstd,7,warm,256
Q07,v4_percolumn_zstd,8,warm,296
Q07,v4_percolumn_zstd,9,warm,271
Q07,v4_percolumn_zstd,10,warm,284
Q07,v5_aggressive,1,cold,479
Q07,v5_aggressive,2,cold,482
Q07,v5_aggressive,3,cold,464
Q07,v5_aggressive,4,cold,487
Q07,v5_aggressive,5,cold,475
Q07,v5_aggressive,6,cold,470
Q07,v5_aggressive,7,cold,488
Q07,v5_aggressive,8,cold,471
Q07,v5_aggressive,9,cold,474
Q07,v5_aggressive,10,cold,484
Q07,v5_aggressive,1,warm,285
Q07,v5_aggressive,2,warm,295
Q07,v5_aggressive,3,warm,292
Q07,v5_aggressive,4,warm,310
Q07,v5_aggressive,5,warm,271
Q07,v5_aggressive,6,warm,285
Q07,v5_aggressive,7,warm,279
Q07,v5_aggressive,8,warm,285
Q07,v5_aggressive,9,warm,276
Q07,v5_aggressive,10,warm,297
Q08,v1_default,1,cold,380
Q08,v1_default,2,cold,377
Q08,v1_default,3,cold,397
Q08,v1_default,4,cold,376
Q08,v1_default,5,cold,371
Q08,v1_default,6,cold,385
Q08,v1_default,7,cold,369
Q08,v1_default,8,cold,360
Q08,v1_default,9,cold,358
Q08,v1_default,10,cold,355
Q08,v1_default,1,warm,407
Q08,v1_default,2,warm,369
Q08,v1_default,3,warm,374
Q08,v1_default,4,warm,334
Q08,v1_default,5,warm,370
Q08,v1_default,6,warm,400
Q08,v1_default,7,warm,399
Q08,v1_default,8,warm,377
Q08,v1_default,9,warm,366
Q08,v1_default,10,warm,393
Q08,v2_zstd,1,cold,338
Q08,v2_zstd,2,cold,386
Q08,v2_zstd,3,cold,363
Q08,v2_zstd,4,cold,344
Q08,v2_zstd,5,cold,377
Q08,v2_zstd,6,cold,378
Q08,v2_zstd,7,cold,393
Q08,v2_zstd,8,cold,381
Q08,v2_zstd,9,cold,374
Q08,v2_zstd,10,cold,354
Q08,v2_zstd,1,warm,385
Q08,v2_zstd,2,warm,338
Q08,v2_zstd,3,warm,345
Q08,v2_zstd,4,warm,354
Q08,v2_zstd,5,warm,362
Q08,v2_zstd,6,warm,396
Q08,v2_zstd,7,warm,362
Q08,v2_zstd,8,warm,389
Q08,v2_zstd,9,warm,361
Q08,v2_zstd,10,warm,364
Q08,v3_percolumn,1,cold,363
Q08,v3_percolumn,2,cold,352
Q08,v3_percolumn,3,cold,381
Q08,v3_percolumn,4,cold,371
Q08,v3_percolumn,5,cold,374
Q08,v3_percolumn,6,cold,389
Q08,v3_percolumn,7,cold,367
Q08,v3_percolumn,8,cold,353
Q08,v3_percolumn,9,cold,414
Q08,v3_percolumn,10,cold,386
Q08,v3_percolumn,1,warm,364
Q08,v3_percolumn,2,warm,344
Q08,v3_percolumn,3,warm,381
Q08,v3_percolumn,4,warm,351
Q08,v3_percolumn,5,warm,354
Q08,v3_percolumn,6,warm,369
Q08,v3_percolumn,7,warm,346
Q08,v3_percolumn,8,warm,348
Q08,v3_percolumn,9,warm,371
Q08,v3_percolumn,10,warm,344
Q08,v4_percolumn_zstd,1,cold,365
Q08,v4_percolumn_zstd,2,cold,377
Q08,v4_percolumn_zstd,3,cold,374
Q08,v4_percolumn_zstd,4,cold,353
Q08,v4_percolumn_zstd,5,cold,341
Q08,v4_percolumn_zstd,6,cold,398
Q08,v4_percolumn_zstd,7,cold,365
Q08,v4_percolumn_zstd,8,cold,375
Q08,v4_percolumn_zstd,9,cold,353
Q08,v4_percolumn_zstd,10,cold,329
Q08,v4_percolumn_zstd,1,warm,335
Q08,v4_percolumn_zstd,2,warm,336
Q08,v4_percolumn_zstd,3,warm,353
Q08,v4_percolumn_zstd,4,warm,346
Q08,v4_percolumn_zstd,5,warm,385
Q08,v4_percolumn_zstd,6,warm,363
Q08,v4_percolumn_zstd,7,warm,363
Q08,v4_percolumn_zstd,8,warm,390
Q08,v4_percolumn_zstd,9,warm,349
Q08,v4_percolumn_zstd,10,warm,384
Q08,v5_aggressive,1,cold,351
Q08,v5_aggressive,2,cold,350
Q08,v5_aggressive,3,cold,334
Q08,v5_aggressive,4,cold,380
Q08,v5_aggressive,5,cold,383
Q08,v5_aggressive,6,cold,357
Q08,v5_aggressive,7,cold,375
Q08,v5_aggressive,8,cold,367
Q08,v5_aggressive,9,cold,357
Q08,v5_aggressive,10,cold,386
Q08,v5_aggressive,1,warm,376
Q08,v5_aggressive,2,warm,394
Q08,v5_aggressive,3,warm,416
Q08,v5_aggressive,4,warm,418
Q08,v5_aggressive,5,warm,379
Q08,v5_aggressive,6,warm,389
Q08,v5_aggressive,7,warm,365
Q08,v5_aggressive,8,warm,357
Q08,v5_aggressive,9,warm,342
Q08,v5_aggressive,10,warm,363
Q09,v1_default,1,cold,195
Q09,v1_default,2,cold,177
Q09,v1_default,3,cold,167
Q09,v1_default,4,cold,177
Q09,v1_default,5,cold,182
Q09,v1_default,6,cold,182
Q09,v1_default,7,cold,176
Q09,v1_default,8,cold,181
Q09,v1_default,9,cold,182
Q09,v1_default,10,cold,178
Q09,v1_default,1,warm,28
Q09,v1_default,2,warm,31
Q09,v1_default,3,warm,28
Q09,v1_default,4,warm,32
Q09,v1_default,5,warm,31
Q09,v1_default,6,warm,27
Q09,v1_default,7,warm,30
Q09,v1_default,8,warm,30
Q09,v1_default,9,warm,30
Q09,v1_default,10,warm,29
Q09,v2_zstd,1,cold,165
Q09,v2_zstd,2,cold,161
Q09,v2_zstd,3,cold,172
Q09,v2_zstd,4,cold,180
Q09,v2_zstd,5,cold,169
Q09,v2_zstd,6,cold,169
Q09,v2_zstd,7,cold,170
Q09,v2_zstd,8,cold,151
Q09,v2_zstd,9,cold,173
Q09,v2_zstd,10,cold,170
Q09,v2_zstd,1,warm,48
Q09,v2_zstd,2,warm,50
Q09,v2_zstd,3,warm,51
Q09,v2_zstd,4,warm,51
Q09,v2_zstd,5,warm,48
Q09,v2_zstd,6,warm,51
Q09,v2_zstd,7,warm,52
Q09,v2_zstd,8,warm,47
Q09,v2_zstd,9,warm,52
Q09,v2_zstd,10,warm,51
Q09,v3_percolumn,1,cold,137
Q09,v3_percolumn,2,cold,142
Q09,v3_percolumn,3,cold,151
Q09,v3_percolumn,4,cold,138
Q09,v3_percolumn,5,cold,157
Q09,v3_percolumn,6,cold,141
Q09,v3_percolumn,7,cold,140
Q09,v3_percolumn,8,cold,148
Q09,v3_percolumn,9,cold,147
Q09,v3_percolumn,10,cold,141
Q09,v3_percolumn,1,warm,53
Q09,v3_percolumn,2,warm,55
Q09,v3_percolumn,3,warm,55
Q09,v3_percolumn,4,warm,58
Q09,v3_percolumn,5,warm,57
Q09,v3_percolumn,6,warm,58
Q09,v3_percolumn,7,warm,60
Q09,v3_percolumn,8,warm,57
Q09,v3_percolumn,9,warm,57
Q09,v3_percolumn,10,warm,55
Q09,v4_percolumn_zstd,1,cold,149
Q09,v4_percolumn_zstd,2,cold,146
Q09,v4_percolumn_zstd,3,cold,143
Q09,v4_percolumn_zstd,4,cold,147
Q09,v4_percolumn_zstd,5,cold,152
Q09,v4_percolumn_zstd,6,cold,141
Q09,v4_percolumn_zstd,7,cold,145
Q09,v4_percolumn_zstd,8,cold,151
Q09,v4_percolumn_zstd,9,cold,152
Q09,v4_percolumn_zstd,10,cold,143
Q09,v4_percolumn_zstd,1,warm,75
Q09,v4_percolumn_zstd,2,warm,77
Q09,v4_percolumn_zstd,3,warm,72
Q09,v4_percolumn_zstd,4,warm,70
Q09,v4_percolumn_zstd,5,warm,74
Q09,v4_percolumn_zstd,6,warm,77
Q09,v4_percolumn_zstd,7,warm,69
Q09,v4_percolumn_zstd,8,warm,67
Q09,v4_percolumn_zstd,9,warm,73
Q09,v4_percolumn_zstd,10,warm,68
Q09,v5_aggressive,1,cold,139
Q09,v5_aggressive,2,cold,131
Q09,v5_aggressive,3,cold,146
Q09,v5_aggressive,4,cold,146
Q09,v5_aggressive,5,cold,148
Q09,v5_aggressive,6,cold,150
Q09,v5_aggressive,7,cold,149
Q09,v5_aggressive,8,cold,146
Q09,v5_aggressive,9,cold,143
Q09,v5_aggressive,10,cold,137
Q09,v5_aggressive,1,warm,75
Q09,v5_aggressive,2,warm,75
Q09,v5_aggressive,3,warm,77
Q09,v5_aggressive,4,warm,64
Q09,v5_aggressive,5,warm,69
Q09,v5_aggressive,6,warm,67
Q09,v5_aggressive,7,warm,67
Q09,v5_aggressive,8,warm,70
Q09,v5_aggressive,9,warm,68
Q09,v5_aggressive,10,warm,73
Q10,v1_default,1,cold,18
Q10,v1_default,2,cold,19
Q10,v1_default,3,cold,18
Q10,v1_default,4,cold,19
Q10,v1_default,5,cold,18
Q10,v1_default,6,cold,18
Q10,v1_default,7,cold,19
Q10,v1_default,8,cold,19
Q10,v1_default,9,cold,18
Q10,v1_default,10,cold,17
Q10,v1_default,1,warm,6
Q10,v1_default,2,warm,6
Q10,v1_default,3,warm,6
Q10,v1_default,4,warm,6
Q10,v1_default,5,warm,7
Q10,v1_default,6,warm,6
Q10,v1_default,7,warm,7
Q10,v1_default,8,warm,8
Q10,v1_default,9,warm,7
Q10,v1_default,10,warm,6
Q10,v2_zstd,1,cold,18
Q10,v2_zstd,2,cold,20
Q10,v2_zstd,3,cold,19
Q10,v2_zstd,4,cold,21
Q10,v2_zstd,5,cold,17
Q10,v2_zstd,6,cold,19
Q10,v2_zstd,7,cold,18
Q10,v2_zstd,8,cold,19
Q10,v2_zstd,9,cold,21
Q10,v2_zstd,10,cold,19
Q10,v2_zstd,1,warm,7
Q10,v2_zstd,2,warm,7
Q10,v2_zstd,3,warm,7
Q10,v2_zstd,4,warm,7
Q10,v2_zstd,5,warm,6
Q10,v2_zstd,6,warm,6
Q10,v2_zstd,7,warm,8
Q10,v2_zstd,8,warm,7
Q10,v2_zstd,9,warm,7
Q10,v2_zstd,10,warm,7
Q10,v3_percolumn,1,cold,18
Q10,v3_percolumn,2,cold,20
Q10,v3_percolumn,3,cold,19
Q10,v3_percolumn,4,cold,18
Q10,v3_percolumn,5,cold,18
Q10,v3_percolumn,6,cold,22
Q10,v3_percolumn,7,cold,20
Q10,v3_percolumn,8,cold,20
Q10,v3_percolumn,9,cold,17
Q10,v3_percolumn,10,cold,19
Q10,v3_percolumn,1,warm,6
Q10,v3_percolumn,2,warm,7
Q10,v3_percolumn,3,warm,7
Q10,v3_percolumn,4,warm,6
Q10,v3_percolumn,5,warm,8
Q10,v3_percolumn,6,warm,7
Q10,v3_percolumn,7,warm,7
Q10,v3_percolumn,8,warm,9
Q10,v3_percolumn,9,warm,7
Q10,v3_percolumn,10,warm,7
Q10,v4_percolumn_zstd,1,cold,19
Q10,v4_percolumn_zstd,2,cold,18
Q10,v4_percolumn_zstd,3,cold,19
Q10,v4_percolumn_zstd,4,cold,19
Q10,v4_percolumn_zstd,5,cold,17
Q10,v4_percolumn_zstd,6,cold,20
Q10,v4_percolumn_zstd,7,cold,18
Q10,v4_percolumn_zstd,8,cold,20
Q10,v4_percolumn_zstd,9,cold,17
Q10,v4_percolumn_zstd,10,cold,18
Q10,v4_percolumn_zstd,1,warm,7
Q10,v4_percolumn_zstd,2,warm,8
Q10,v4_percolumn_zstd,3,warm,7
Q10,v4_percolumn_zstd,4,warm,7
Q10,v4_percolumn_zstd,5,warm,7
Q10,v4_percolumn_zstd,6,warm,7
Q10,v4_percolumn_zstd,7,warm,7
Q10,v4_percolumn_zstd,8,warm,8
Q10,v4_percolumn_zstd,9,warm,8
Q10,v4_percolumn_zstd,10,warm,7
Q10,v5_aggressive,1,cold,20
Q10,v5_aggressive,2,cold,19
Q10,v5_aggressive,3,cold,20
Q10,v5_aggressive,4,cold,17
Q10,v5_aggressive,5,cold,20
Q10,v5_aggressive,6,cold,21
Q10,v5_aggressive,7,cold,21
Q10,v5_aggressive,8,cold,21
Q10,v5_aggressive,9,cold,21
Q10,v5_aggressive,10,cold,21
Q10,v5_aggressive,1,warm,9
Q10,v5_aggressive,2,warm,8
Q10,v5_aggressive,3,warm,7
Q10,v5_aggressive,4,warm,7
Q10,v5_aggressive,5,warm,7
Q10,v5_aggressive,6,warm,7
Q10,v5_aggressive,7,warm,8
Q10,v5_aggressive,8,warm,7
Q10,v5_aggressive,9,warm,8
Q10,v5_aggressive,10,warm,7
