"query","size","variant","run","temp","query_duration_ms","read_rows","read_bytes","cpu_us"
"Q1","100m","v1_default","1","cold",24,843776,5224784,66370
"Q1","100m","v1_default","1","warm",9,843776,5224784,30246
"Q1","100m","v1_default","2","cold",7,843776,5224784,21933
"Q1","100m","v1_default","2","warm",7,843776,5224784,23610
"Q1","100m","v1_default","3","cold",8,843776,5224784,24564
"Q1","100m","v1_default","3","warm",7,843776,5224784,22969
"Q1","100m","v1_default","4","cold",6,843776,5224784,24301
"Q1","100m","v1_default","4","warm",6,843776,5224784,22695
"Q1","100m","v1_default","5","cold",7,843776,5224784,24386
"Q1","100m","v1_default","5","warm",8,843776,5224784,24195
"Q1","100m","v2_zstd","1","cold",21,843776,5224784,63940
"Q1","100m","v2_zstd","1","warm",9,843776,5224784,33842
"Q1","100m","v2_zstd","2","cold",8,843776,5224784,33011
"Q1","100m","v2_zstd","2","warm",7,843776,5224784,31828
"Q1","100m","v2_zstd","3","cold",7,843776,5224784,33271
"Q1","100m","v2_zstd","3","warm",9,843776,5224784,33449
"Q1","100m","v2_zstd","4","cold",8,843776,5224784,33214
"Q1","100m","v2_zstd","4","warm",9,843776,5224784,32985
"Q1","100m","v2_zstd","5","cold",9,843776,5224784,35717
"Q1","100m","v2_zstd","5","warm",9,843776,5224784,33997
"Q1","100m","v3_percolumn","1","cold",16,843776,5224784,53191
"Q1","100m","v3_percolumn","1","warm",10,843776,5224784,37547
"Q1","100m","v3_percolumn","2","cold",8,843776,5224784,37226
"Q1","100m","v3_percolumn","2","warm",8,843776,5224784,32672
"Q1","100m","v3_percolumn","3","cold",9,843776,5224784,35701
"Q1","100m","v3_percolumn","3","warm",8,843776,5224784,34530
"Q1","100m","v3_percolumn","4","cold",9,843776,5224784,37386
"Q1","100m","v3_percolumn","4","warm",10,843776,5224784,37502
"Q1","100m","v3_percolumn","5","cold",10,843776,5224784,36860
"Q1","100m","v3_percolumn","5","warm",9,843776,5224784,36224
"Q1","100m","v4_percolumn_zstd","1","cold",17,843776,5224784,56902
"Q1","100m","v4_percolumn_zstd","1","warm",8,843776,5224784,39648
"Q1","100m","v4_percolumn_zstd","2","cold",10,843776,5224784,42380
"Q1","100m","v4_percolumn_zstd","2","warm",9,843776,5224784,39434
"Q1","100m","v4_percolumn_zstd","3","cold",8,843776,5224784,39546
"Q1","100m","v4_percolumn_zstd","3","warm",10,843776,5224784,40666
"Q1","100m","v4_percolumn_zstd","4","cold",9,843776,5224784,38233
"Q1","100m","v4_percolumn_zstd","4","warm",9,843776,5224784,37529
"Q1","100m","v4_percolumn_zstd","5","cold",13,843776,5224784,52983
"Q1","100m","v4_percolumn_zstd","5","warm",9,843776,5224784,43957
"Q1","100m","v5_aggressive","1","cold",18,843776,5224784,59440
"Q1","100m","v5_aggressive","1","warm",8,843776,5224784,39370
"Q1","100m","v5_aggressive","2","cold",10,843776,5224784,34987
"Q1","100m","v5_aggressive","2","warm",10,843776,5224784,37773
"Q1","100m","v5_aggressive","3","cold",10,843776,5224784,43360
"Q1","100m","v5_aggressive","3","warm",8,843776,5224784,39066
"Q1","100m","v5_aggressive","4","cold",8,843776,5224784,37536
"Q1","100m","v5_aggressive","4","warm",10,843776,5224784,42259
"Q1","100m","v5_aggressive","5","cold",11,843776,5224784,38696
"Q1","100m","v5_aggressive","5","warm",9,843776,5224784,40264
"Q1","10m","v1_default","1","cold",11,401408,1605632,18413
"Q1","10m","v1_default","1","warm",3,0,0,4324
"Q1","10m","v1_default","2","cold",3,0,0,4140
"Q1","10m","v1_default","2","warm",3,0,0,3884
"Q1","10m","v1_default","3","cold",4,0,0,4601
"Q1","10m","v1_default","3","warm",4,0,0,4384
"Q1","10m","v1_default","4","cold",3,0,0,4083
"Q1","10m","v1_default","4","warm",4,0,0,4603
"Q1","10m","v1_default","5","cold",4,0,0,4621
"Q1","10m","v1_default","5","warm",4,0,0,4480
"Q1","10m","v2_zstd","1","cold",14,401408,1605632,23275
"Q1","10m","v2_zstd","1","warm",4,0,0,4814
"Q1","10m","v2_zstd","2","cold",4,0,0,4723
"Q1","10m","v2_zstd","2","warm",3,0,0,4088
"Q1","10m","v2_zstd","3","cold",3,0,0,4299
"Q1","10m","v2_zstd","3","warm",4,0,0,5059
"Q1","10m","v2_zstd","4","cold",3,0,0,4208
"Q1","10m","v2_zstd","4","warm",3,0,0,4385
"Q1","10m","v2_zstd","5","cold",3,0,0,3893
"Q1","10m","v2_zstd","5","warm",4,0,0,4351
"Q1","10m","v3_percolumn","1","cold",8,401408,1605632,15555
"Q1","10m","v3_percolumn","1","warm",3,0,0,4112
"Q1","10m","v3_percolumn","2","cold",3,0,0,3995
"Q1","10m","v3_percolumn","2","warm",4,0,0,4099
"Q1","10m","v3_percolumn","3","cold",3,0,0,4289
"Q1","10m","v3_percolumn","3","warm",3,0,0,4326
"Q1","10m","v3_percolumn","4","cold",4,0,0,5255
"Q1","10m","v3_percolumn","4","warm",5,0,0,5305
"Q1","10m","v3_percolumn","5","cold",4,0,0,4399
"Q1","10m","v3_percolumn","5","warm",3,0,0,4608
"Q1","10m","v4_percolumn_zstd","1","cold",9,401408,1605632,17015
"Q1","10m","v4_percolumn_zstd","1","warm",4,0,0,4655
"Q1","10m","v4_percolumn_zstd","2","cold",3,0,0,4266
"Q1","10m","v4_percolumn_zstd","2","warm",3,0,0,4401
"Q1","10m","v4_percolumn_zstd","3","cold",3,0,0,4000
"Q1","10m","v4_percolumn_zstd","3","warm",4,0,0,4522
"Q1","10m","v4_percolumn_zstd","4","cold",4,0,0,4794
"Q1","10m","v4_percolumn_zstd","4","warm",3,0,0,4687
"Q1","10m","v4_percolumn_zstd","5","cold",5,0,0,5296
"Q1","10m","v4_percolumn_zstd","5","warm",3,0,0,4391
"Q1","10m","v5_aggressive","1","cold",8,401408,1605632,14951
"Q1","10m","v5_aggressive","1","warm",3,0,0,3626
"Q1","10m","v5_aggressive","2","cold",3,0,0,4478
"Q1","10m","v5_aggressive","2","warm",3,0,0,3921
"Q1","10m","v5_aggressive","3","cold",4,0,0,4609
"Q1","10m","v5_aggressive","3","warm",4,0,0,4414
"Q1","10m","v5_aggressive","4","cold",3,0,0,3855
"Q1","10m","v5_aggressive","4","warm",3,0,0,4285
"Q1","10m","v5_aggressive","5","cold",3,0,0,4566
"Q1","10m","v5_aggressive","5","warm",4,0,0,4626
"Q1","1m","v1_default","1","cold",11,401408,1605632,18468
"Q1","1m","v1_default","1","warm",3,0,0,3967
"Q1","1m","v1_default","2","cold",4,0,0,4469
"Q1","1m","v1_default","2","warm",3,0,0,4195
"Q1","1m","v1_default","3","cold",4,0,0,4827
"Q1","1m","v1_default","3","warm",3,0,0,4527
"Q1","1m","v1_default","4","cold",4,0,0,4538
"Q1","1m","v1_default","4","warm",4,0,0,5596
"Q1","1m","v1_default","5","cold",3,0,0,3865
"Q1","1m","v1_default","5","warm",3,0,0,4155
"Q1","1m","v2_zstd","1","cold",12,401408,1605632,21430
"Q1","1m","v2_zstd","1","warm",4,0,0,4932
"Q1","1m","v2_zstd","2","cold",3,0,0,4407
"Q1","1m","v2_zstd","2","warm",4,0,0,5223
"Q1","1m","v2_zstd","3","cold",4,0,0,4408
"Q1","1m","v2_zstd","3","warm",3,0,0,3860
"Q1","1m","v2_zstd","4","cold",3,0,0,4048
"Q1","1m","v2_zstd","4","warm",4,0,0,3876
"Q1","1m","v2_zstd","5","cold",4,0,0,4706
"Q1","1m","v2_zstd","5","warm",4,0,0,4865
"Q1","1m","v3_percolumn","1","cold",7,401408,1605632,13953
"Q1","1m","v3_percolumn","1","warm",4,0,0,5520
"Q1","1m","v3_percolumn","2","cold",4,0,0,4244
"Q1","1m","v3_percolumn","2","warm",3,0,0,4207
"Q1","1m","v3_percolumn","3","cold",4,0,0,4771
"Q1","1m","v3_percolumn","3","warm",4,0,0,4653
"Q1","1m","v3_percolumn","4","cold",5,0,0,5701
"Q1","1m","v3_percolumn","4","warm",4,0,0,4939
"Q1","1m","v3_percolumn","5","cold",4,0,0,5442
"Q1","1m","v3_percolumn","5","warm",3,0,0,4150
"Q1","1m","v4_percolumn_zstd","1","cold",9,401408,1605632,16110
"Q1","1m","v4_percolumn_zstd","1","warm",4,0,0,4995
"Q1","1m","v4_percolumn_zstd","2","cold",4,0,0,4476
"Q1","1m","v4_percolumn_zstd","2","warm",4,0,0,4918
"Q1","1m","v4_percolumn_zstd","3","cold",3,0,0,3917
"Q1","1m","v4_percolumn_zstd","3","warm",4,0,0,4791
"Q1","1m","v4_percolumn_zstd","4","cold",4,0,0,5300
"Q1","1m","v4_percolumn_zstd","4","warm",3,0,0,4140
"Q1","1m","v4_percolumn_zstd","5","cold",4,0,0,4764
"Q1","1m","v4_percolumn_zstd","5","warm",3,0,0,4191
"Q1","1m","v5_aggressive","1","cold",6,401408,1605632,12769
"Q1","1m","v5_aggressive","1","warm",5,0,0,5216
"Q1","1m","v5_aggressive","2","cold",3,0,0,4067
"Q1","1m","v5_aggressive","2","warm",3,0,0,4461
"Q1","1m","v5_aggressive","3","cold",4,0,0,4281
"Q1","1m","v5_aggressive","3","warm",4,0,0,4505
"Q1","1m","v5_aggressive","4","cold",5,0,0,4758
"Q1","1m","v5_aggressive","4","warm",3,0,0,4174
"Q1","1m","v5_aggressive","5","cold",3,0,0,3967
"Q1","1m","v5_aggressive","5","warm",4,0,0,4748
"Q1","500m","v1_default","1","cold",24,860160,5359952,54480
"Q1","500m","v1_default","1","warm",8,860160,5359952,22487
"Q1","500m","v1_default","2","cold",7,860160,5359952,26319
"Q1","500m","v1_default","2","warm",8,860160,5359952,25162
"Q1","500m","v1_default","3","cold",8,860160,5359952,24022
"Q1","500m","v1_default","3","warm",7,860160,5359952,22160
"Q1","500m","v1_default","4","cold",7,860160,5359952,25226
"Q1","500m","v1_default","4","warm",8,860160,5359952,24445
"Q1","500m","v1_default","5","cold",11,860160,5359952,31049
"Q1","500m","v1_default","5","warm",7,860160,5359952,23142
"Q1","500m","v2_zstd","1","cold",22,860160,5359952,62460
"Q1","500m","v2_zstd","1","warm",9,860160,5359952,33384
"Q1","500m","v2_zstd","2","cold",9,860160,5359952,33801
"Q1","500m","v2_zstd","2","warm",9,860160,5359952,32190
"Q1","500m","v2_zstd","3","cold",8,860160,5359952,31745
"Q1","500m","v2_zstd","3","warm",9,860160,5359952,33648
"Q1","500m","v2_zstd","4","cold",9,860160,5359952,33921
"Q1","500m","v2_zstd","4","warm",9,860160,5359952,34216
"Q1","500m","v2_zstd","5","cold",8,860160,5359952,32755
"Q1","500m","v2_zstd","5","warm",8,860160,5359952,31359
"Q1","500m","v3_percolumn","1","cold",23,1507328,8070208,82836
"Q1","500m","v3_percolumn","1","warm",10,1220608,6972776,41962
"Q1","500m","v3_percolumn","2","cold",10,1220608,6972776,42337
"Q1","500m","v3_percolumn","2","warm",9,1220608,6972776,39548
"Q1","500m","v3_percolumn","3","cold",9,1220608,6972776,40748
"Q1","500m","v3_percolumn","3","warm",10,1220608,6972776,41463
"Q1","500m","v3_percolumn","4","cold",11,1220608,6972776,42358
"Q1","500m","v3_percolumn","4","warm",10,1220608,6972776,41889
"Q1","500m","v3_percolumn","5","cold",9,1220608,6972776,41307
"Q1","500m","v3_percolumn","5","warm",10,1220608,6972776,43411
"Q1","500m","v4_percolumn_zstd","1","cold",23,1499136,7976384,97190
"Q1","500m","v4_percolumn_zstd","1","warm",20,1335296,7321024,50723
"Q1","500m","v4_percolumn_zstd","2","cold",11,1335296,7321024,52457
"Q1","500m","v4_percolumn_zstd","2","warm",10,1335296,7321024,48755
"Q1","500m","v4_percolumn_zstd","3","cold",11,1335296,7321024,44946
"Q1","500m","v4_percolumn_zstd","3","warm",9,1335296,7321024,48732
"Q1","500m","v4_percolumn_zstd","4","cold",10,1335296,7321024,46005
"Q1","500m","v4_percolumn_zstd","4","warm",9,1335296,7321024,48750
"Q1","500m","v4_percolumn_zstd","5","cold",10,1335296,7321024,49100
"Q1","500m","v4_percolumn_zstd","5","warm",9,1335296,7321024,47873
"Q1","500m","v5_aggressive","1","cold",30,1703936,8747592,85932
"Q1","500m","v5_aggressive","1","warm",11,1392640,7502408,53208
"Q1","500m","v5_aggressive","2","cold",10,1294336,7238208,49341
"Q1","500m","v5_aggressive","2","warm",10,1220608,6814280,48868
"Q1","500m","v5_aggressive","3","cold",13,1220608,6814280,53196
"Q1","500m","v5_aggressive","3","warm",9,1220608,6814280,41692
"Q1","500m","v5_aggressive","4","cold",10,1220608,6814280,48486
"Q1","500m","v5_aggressive","4","warm",10,1220608,6814280,46731
"Q1","500m","v5_aggressive","5","cold",10,1220608,6814280,47054
"Q1","500m","v5_aggressive","5","warm",10,1220608,6814280,44444
"Q2","100m","v1_default","1","cold",55,6848512,82128904,249438
"Q2","100m","v1_default","1","warm",17,6848512,82128904,131507
"Q2","100m","v1_default","2","cold",17,6848512,82128904,152735
"Q2","100m","v1_default","2","warm",19,6848512,82128904,151520
"Q2","100m","v1_default","3","cold",16,6848512,82128904,132326
"Q2","100m","v1_default","3","warm",19,6848512,82128904,148508
"Q2","100m","v1_default","4","cold",18,6848512,82128904,146676
"Q2","100m","v1_default","4","warm",17,6848512,82128904,143259
"Q2","100m","v1_default","5","cold",18,6848512,82128904,136292
"Q2","100m","v1_default","5","warm",17,6848512,82128904,138009
"Q2","100m","v2_zstd","1","cold",59,6848512,82128904,334489
"Q2","100m","v2_zstd","1","warm",26,6848512,82128904,232035
"Q2","100m","v2_zstd","2","cold",25,6848512,82128904,228540
"Q2","100m","v2_zstd","2","warm",25,6848512,82128904,239842
"Q2","100m","v2_zstd","3","cold",27,6848512,82128904,241717
"Q2","100m","v2_zstd","3","warm",25,6848512,82128904,231358
"Q2","100m","v2_zstd","4","cold",30,6848512,82128904,250928
"Q2","100m","v2_zstd","4","warm",34,6848512,82128904,260954
"Q2","100m","v2_zstd","5","cold",25,6848512,82128904,249354
"Q2","100m","v2_zstd","5","warm",24,6848512,82128904,231773
"Q2","100m","v3_percolumn","1","cold",52,6848512,82128904,371423
"Q2","100m","v3_percolumn","1","warm",31,6848512,82128904,282875
"Q2","100m","v3_percolumn","2","cold",29,6848512,82128904,271993
"Q2","100m","v3_percolumn","2","warm",35,6848512,82128904,272052
"Q2","100m","v3_percolumn","3","cold",31,6848512,82128904,285056
"Q2","100m","v3_percolumn","3","warm",31,6848512,82128904,278920
"Q2","100m","v3_percolumn","4","cold",31,6848512,82128904,283990
"Q2","100m","v3_percolumn","4","warm",35,6848512,82128904,305697
"Q2","100m","v3_percolumn","5","cold",31,6848512,82128904,280945
"Q2","100m","v3_percolumn","5","warm",31,6848512,82128904,279602
"Q2","100m","v4_percolumn_zstd","1","cold",59,6848512,82128904,441615
"Q2","100m","v4_percolumn_zstd","1","warm",35,6848512,82128904,356276
"Q2","100m","v4_percolumn_zstd","2","cold",39,6848512,82128904,348403
"Q2","100m","v4_percolumn_zstd","2","warm",37,6848512,82128904,340992
"Q2","100m","v4_percolumn_zstd","3","cold",35,6848512,82128904,303311
"Q2","100m","v4_percolumn_zstd","3","warm",35,6848512,82128904,347582
"Q2","100m","v4_percolumn_zstd","4","cold",33,6848512,82128904,327773
"Q2","100m","v4_percolumn_zstd","4","warm",41,6848512,82128904,351876
"Q2","100m","v4_percolumn_zstd","5","cold",35,6848512,82128904,368545
"Q2","100m","v4_percolumn_zstd","5","warm",40,6848512,82128904,356656
"Q2","100m","v5_aggressive","1","cold",54,6848512,82128904,424269
"Q2","100m","v5_aggressive","1","warm",36,6848512,82128904,341553
"Q2","100m","v5_aggressive","2","cold",35,6848512,82128904,344648
"Q2","100m","v5_aggressive","2","warm",38,6848512,82128904,324879
"Q2","100m","v5_aggressive","3","cold",37,6848512,82128904,320402
"Q2","100m","v5_aggressive","3","warm",39,6848512,82128904,354008
"Q2","100m","v5_aggressive","4","cold",38,6848512,82128904,354621
"Q2","100m","v5_aggressive","4","warm",45,6848512,82128904,332122
"Q2","100m","v5_aggressive","5","cold",36,6848512,82128904,313798
"Q2","100m","v5_aggressive","5","warm",37,6848512,82128904,335980
"Q2","10m","v1_default","1","cold",5,401408,1605632,10119
"Q2","10m","v1_default","1","warm",4,0,0,4595
"Q2","10m","v1_default","2","cold",4,0,0,5207
"Q2","10m","v1_default","2","warm",3,0,0,4101
"Q2","10m","v1_default","3","cold",4,0,0,4688
"Q2","10m","v1_default","3","warm",3,0,0,4409
"Q2","10m","v1_default","4","cold",4,0,0,4827
"Q2","10m","v1_default","4","warm",3,0,0,4537
"Q2","10m","v1_default","5","cold",3,0,0,4406
"Q2","10m","v1_default","5","warm",4,0,0,5031
"Q2","10m","v2_zstd","1","cold",7,401408,1605632,14625
"Q2","10m","v2_zstd","1","warm",3,0,0,4185
"Q2","10m","v2_zstd","2","cold",3,0,0,4456
"Q2","10m","v2_zstd","2","warm",3,0,0,4406
"Q2","10m","v2_zstd","3","cold",4,0,0,5033
"Q2","10m","v2_zstd","3","warm",5,0,0,5353
"Q2","10m","v2_zstd","4","cold",3,0,0,3779
"Q2","10m","v2_zstd","4","warm",3,0,0,4077
"Q2","10m","v2_zstd","5","cold",4,0,0,5091
"Q2","10m","v2_zstd","5","warm",3,0,0,4734
"Q2","10m","v3_percolumn","1","cold",7,401408,1605632,14949
"Q2","10m","v3_percolumn","1","warm",4,0,0,4395
"Q2","10m","v3_percolumn","2","cold",3,0,0,4165
"Q2","10m","v3_percolumn","2","warm",4,0,0,5343
"Q2","10m","v3_percolumn","3","cold",4,0,0,4553
"Q2","10m","v3_percolumn","3","warm",4,0,0,4685
"Q2","10m","v3_percolumn","4","cold",3,0,0,4258
"Q2","10m","v3_percolumn","4","warm",3,0,0,4352
"Q2","10m","v3_percolumn","5","cold",4,0,0,4521
"Q2","10m","v3_percolumn","5","warm",4,0,0,4967
"Q2","10m","v4_percolumn_zstd","1","cold",8,401408,1605632,15737
"Q2","10m","v4_percolumn_zstd","1","warm",4,0,0,4685
"Q2","10m","v4_percolumn_zstd","2","cold",3,0,0,4598
"Q2","10m","v4_percolumn_zstd","2","warm",4,0,0,5068
"Q2","10m","v4_percolumn_zstd","3","cold",4,0,0,5083
"Q2","10m","v4_percolumn_zstd","3","warm",3,0,0,4179
"Q2","10m","v4_percolumn_zstd","4","cold",4,0,0,4610
"Q2","10m","v4_percolumn_zstd","4","warm",3,0,0,4278
"Q2","10m","v4_percolumn_zstd","5","cold",3,0,0,4346
"Q2","10m","v4_percolumn_zstd","5","warm",3,0,0,4227
"Q2","10m","v5_aggressive","1","cold",7,401408,1605632,14404
"Q2","10m","v5_aggressive","1","warm",3,0,0,4142
"Q2","10m","v5_aggressive","2","cold",3,0,0,3989
"Q2","10m","v5_aggressive","2","warm",4,0,0,4358
"Q2","10m","v5_aggressive","3","cold",3,0,0,4509
"Q2","10m","v5_aggressive","3","warm",3,0,0,3952
"Q2","10m","v5_aggressive","4","cold",3,0,0,3995
"Q2","10m","v5_aggressive","4","warm",4,0,0,4326
"Q2","10m","v5_aggressive","5","cold",3,0,0,4099
"Q2","10m","v5_aggressive","5","warm",3,0,0,3788
"Q2","1m","v1_default","1","cold",6,401408,1605632,11997
"Q2","1m","v1_default","1","warm",3,0,0,4292
"Q2","1m","v1_default","2","cold",4,0,0,4578
"Q2","1m","v1_default","2","warm",4,0,0,4550
"Q2","1m","v1_default","3","cold",4,0,0,5215
"Q2","1m","v1_default","3","warm",3,0,0,4740
"Q2","1m","v1_default","4","cold",4,0,0,4649
"Q2","1m","v1_default","4","warm",4,0,0,4922
"Q2","1m","v1_default","5","cold",3,0,0,4180
"Q2","1m","v1_default","5","warm",4,0,0,4913
"Q2","1m","v2_zstd","1","cold",6,401408,1605632,12219
"Q2","1m","v2_zstd","1","warm",3,0,0,4145
"Q2","1m","v2_zstd","2","cold",3,0,0,3841
"Q2","1m","v2_zstd","2","warm",4,0,0,4432
"Q2","1m","v2_zstd","3","cold",3,0,0,4274
"Q2","1m","v2_zstd","3","warm",3,0,0,4536
"Q2","1m","v2_zstd","4","cold",3,0,0,4422
"Q2","1m","v2_zstd","4","warm",4,0,0,4184
"Q2","1m","v2_zstd","5","cold",3,0,0,4176
"Q2","1m","v2_zstd","5","warm",3,0,0,4033
"Q2","1m","v3_percolumn","1","cold",6,401408,1605632,13051
"Q2","1m","v3_percolumn","1","warm",4,0,0,4579
"Q2","1m","v3_percolumn","2","cold",3,0,0,4233
"Q2","1m","v3_percolumn","2","warm",3,0,0,3800
"Q2","1m","v3_percolumn","3","cold",4,0,0,4970
"Q2","1m","v3_percolumn","3","warm",3,0,0,4515
"Q2","1m","v3_percolumn","4","cold",4,0,0,4386
"Q2","1m","v3_percolumn","4","warm",3,0,0,4104
"Q2","1m","v3_percolumn","5","cold",3,0,0,3989
"Q2","1m","v3_percolumn","5","warm",3,0,0,4066
"Q2","1m","v4_percolumn_zstd","1","cold",6,401408,1605632,12340
"Q2","1m","v4_percolumn_zstd","1","warm",5,0,0,5939
"Q2","1m","v4_percolumn_zstd","2","cold",3,0,0,4307
"Q2","1m","v4_percolumn_zstd","2","warm",4,0,0,4537
"Q2","1m","v4_percolumn_zstd","3","cold",4,0,0,4378
"Q2","1m","v4_percolumn_zstd","3","warm",3,0,0,4034
"Q2","1m","v4_percolumn_zstd","4","cold",3,0,0,4105
"Q2","1m","v4_percolumn_zstd","4","warm",3,0,0,4409
"Q2","1m","v4_percolumn_zstd","5","cold",3,0,0,3970
"Q2","1m","v4_percolumn_zstd","5","warm",4,0,0,4277
"Q2","1m","v5_aggressive","1","cold",6,401408,1605632,12575
"Q2","1m","v5_aggressive","1","warm",4,0,0,4584
"Q2","1m","v5_aggressive","2","cold",4,0,0,4232
"Q2","1m","v5_aggressive","2","warm",4,0,0,4562
"Q2","1m","v5_aggressive","3","cold",4,0,0,4926
"Q2","1m","v5_aggressive","3","warm",4,0,0,5109
"Q2","1m","v5_aggressive","4","cold",3,0,0,3989
"Q2","1m","v5_aggressive","4","warm",3,0,0,4019
"Q2","1m","v5_aggressive","5","cold",3,0,0,3822
"Q2","1m","v5_aggressive","5","warm",4,0,0,4898
"Q2","500m","v1_default","1","cold",58,6864896,82186240,284805
"Q2","500m","v1_default","1","warm",21,6864896,82186240,146641
"Q2","500m","v1_default","2","cold",19,6864896,82186240,136523
"Q2","500m","v1_default","2","warm",18,6864896,82186240,134451
"Q2","500m","v1_default","3","cold",20,6864896,82186240,145428
"Q2","500m","v1_default","3","warm",18,6864896,82186240,144250
"Q2","500m","v1_default","4","cold",21,6864896,82186240,161826
"Q2","500m","v1_default","4","warm",20,6864896,82186240,147022
"Q2","500m","v1_default","5","cold",22,6864896,82186240,171772
"Q2","500m","v1_default","5","warm",21,6864896,82186240,152988
"Q2","500m","v2_zstd","1","cold",47,6864896,82186240,327500
"Q2","500m","v2_zstd","1","warm",32,6864896,82186240,234378
"Q2","500m","v2_zstd","2","cold",27,6864896,82186240,232580
"Q2","500m","v2_zstd","2","warm",31,6864896,82186240,234511
"Q2","500m","v2_zstd","3","cold",27,6864896,82186240,243964
"Q2","500m","v2_zstd","3","warm",27,6864896,82186240,223117
"Q2","500m","v2_zstd","4","cold",27,6864896,82186240,240006
"Q2","500m","v2_zstd","4","warm",26,6864896,82186240,236368
"Q2","500m","v2_zstd","5","cold",27,6864896,82186240,237107
"Q2","500m","v2_zstd","5","warm",35,6864896,82186240,249526
"Q2","500m","v3_percolumn","1","cold",53,7528448,86195104,398245
"Q2","500m","v3_percolumn","1","warm",30,7266304,84954712,275439
"Q2","500m","v3_percolumn","2","cold",32,7266304,84954712,288884
"Q2","500m","v3_percolumn","2","warm",31,7266304,84954712,305389
"Q2","500m","v3_percolumn","3","cold",32,7266304,84954712,286188
"Q2","500m","v3_percolumn","3","warm",30,7266304,84954712,287907
"Q2","500m","v3_percolumn","4","cold",33,7266304,84954712,311766
"Q2","500m","v3_percolumn","4","warm",33,7266304,84954712,280892
"Q2","500m","v3_percolumn","5","cold",34,7266304,84954712,297725
"Q2","500m","v3_percolumn","5","warm",34,7266304,84954712,312417
"Q2","500m","v4_percolumn_zstd","1","cold",59,7503872,85371888,461262
"Q2","500m","v4_percolumn_zstd","1","warm",49,7405568,85028720,353708
"Q2","500m","v4_percolumn_zstd","2","cold",41,7389184,84670672,372247
"Q2","500m","v4_percolumn_zstd","2","warm",35,7389184,84670672,346255
"Q2","500m","v4_percolumn_zstd","3","cold",32,7389184,84670672,339107
"Q2","500m","v4_percolumn_zstd","3","warm",41,7389184,84670672,423482
"Q2","500m","v4_percolumn_zstd","4","cold",38,7389184,84670672,380368
"Q2","500m","v4_percolumn_zstd","4","warm",37,7389184,84670672,349809
"Q2","500m","v4_percolumn_zstd","5","cold",39,7389184,84670672,348026
"Q2","500m","v4_percolumn_zstd","5","warm",44,7389184,84670672,382427
"Q2","500m","v5_aggressive","1","cold",56,7700480,86850120,477084
"Q2","500m","v5_aggressive","1","warm",40,7487488,85536160,375682
"Q2","500m","v5_aggressive","2","cold",34,7471104,85743512,381057
"Q2","500m","v5_aggressive","2","warm",36,7462912,85645208,366817
"Q2","500m","v5_aggressive","3","cold",34,7454720,85612440,340885
"Q2","500m","v5_aggressive","3","warm",37,7454720,85612440,332476
"Q2","500m","v5_aggressive","4","cold",34,7454720,85612440,347370
"Q2","500m","v5_aggressive","4","warm",37,7454720,85612440,351768
"Q2","500m","v5_aggressive","5","cold",36,7454720,85612440,348462
"Q2","500m","v5_aggressive","5","warm",38,7454720,85612440,389982
"Q3","100m","v1_default","1","cold",317,100000000,900000000,2992562
"Q3","100m","v1_default","1","warm",107,100000000,900000000,1622952
"Q3","100m","v1_default","2","cold",104,100000000,900000000,1574640
"Q3","100m","v1_default","2","warm",106,100000000,900000000,1587267
"Q3","100m","v1_default","3","cold",117,100000000,900000000,1650121
"Q3","100m","v1_default","3","warm",113,100000000,900000000,1636962
"Q3","100m","v1_default","4","cold",108,100000000,900000000,1638891
"Q3","100m","v1_default","4","warm",109,100000000,900000000,1619722
"Q3","100m","v1_default","5","cold",108,100000000,900000000,1631278
"Q3","100m","v1_default","5","warm",116,100000000,900000000,1712093
"Q3","100m","v2_zstd","1","cold",231,100000000,900000000,2805900
"Q3","100m","v2_zstd","1","warm",142,100000000,900000000,2145447
"Q3","100m","v2_zstd","2","cold",154,100000000,900000000,2355424
"Q3","100m","v2_zstd","2","warm",156,100000000,900000000,2320746
"Q3","100m","v2_zstd","3","cold",160,100000000,900000000,2389666
"Q3","100m","v2_zstd","3","warm",162,100000000,900000000,2371900
"Q3","100m","v2_zstd","4","cold",176,100000000,900000000,2444978
"Q3","100m","v2_zstd","4","warm",165,100000000,900000000,2338823
"Q3","100m","v2_zstd","5","cold",148,100000000,900000000,2206899
"Q3","100m","v2_zstd","5","warm",157,100000000,900000000,2300921
"Q3","100m","v3_percolumn","1","cold",249,100000000,900000000,3168671
"Q3","100m","v3_percolumn","1","warm",227,100000000,900000000,2981715
"Q3","100m","v3_percolumn","2","cold",225,100000000,900000000,3243664
"Q3","100m","v3_percolumn","2","warm",201,100000000,900000000,2886249
"Q3","100m","v3_percolumn","3","cold",251,100000000,900000000,3272331
"Q3","100m","v3_percolumn","3","warm",236,100000000,900000000,3181418
"Q3","100m","v3_percolumn","4","cold",224,100000000,900000000,3084139
"Q3","100m","v3_percolumn","4","warm",214,100000000,900000000,3058110
"Q3","100m","v3_percolumn","5","cold",241,100000000,900000000,3251735
"Q3","100m","v3_percolumn","5","warm",216,100000000,900000000,3080122
"Q3","100m","v4_percolumn_zstd","1","cold",96,100000000,900000000,1231831
"Q3","100m","v4_percolumn_zstd","1","warm",86,100000000,900000000,1211437
"Q3","100m","v4_percolumn_zstd","2","cold",88,100000000,900000000,1243859
"Q3","100m","v4_percolumn_zstd","2","warm",85,100000000,900000000,1200252
"Q3","100m","v4_percolumn_zstd","3","cold",88,100000000,900000000,1212148
"Q3","100m","v4_percolumn_zstd","3","warm",86,100000000,900000000,1198479
"Q3","100m","v4_percolumn_zstd","4","cold",90,100000000,900000000,1248552
"Q3","100m","v4_percolumn_zstd","4","warm",84,100000000,900000000,1163461
"Q3","100m","v4_percolumn_zstd","5","cold",79,100000000,900000000,1118286
"Q3","100m","v4_percolumn_zstd","5","warm",86,100000000,900000000,1224907
"Q3","100m","v5_aggressive","1","cold",99,100000000,900000000,1202479
"Q3","100m","v5_aggressive","1","warm",92,100000000,900000000,1205953
"Q3","100m","v5_aggressive","2","cold",102,100000000,900000000,1244095
"Q3","100m","v5_aggressive","2","warm",95,100000000,900000000,1253542
"Q3","100m","v5_aggressive","3","cold",91,100000000,900000000,1198290
"Q3","100m","v5_aggressive","3","warm",96,100000000,900000000,1254602
"Q3","100m","v5_aggressive","4","cold",97,100000000,900000000,1254485
"Q3","100m","v5_aggressive","4","warm",99,100000000,900000000,1298332
"Q3","100m","v5_aggressive","5","cold",100,100000000,900000000,1205363
"Q3","100m","v5_aggressive","5","warm",98,100000000,900000000,1191017
"Q3","10m","v1_default","1","cold",41,10000000,90000000,321174
"Q3","10m","v1_default","1","warm",18,10000000,90000000,181782
"Q3","10m","v1_default","2","cold",19,10000000,90000000,185033
"Q3","10m","v1_default","2","warm",21,10000000,90000000,185336
"Q3","10m","v1_default","3","cold",17,10000000,90000000,185912
"Q3","10m","v1_default","3","warm",17,10000000,90000000,181824
"Q3","10m","v1_default","4","cold",18,10000000,90000000,188907
"Q3","10m","v1_default","4","warm",17,10000000,90000000,185170
"Q3","10m","v1_default","5","cold",17,10000000,90000000,188804
"Q3","10m","v1_default","5","warm",17,10000000,90000000,193705
"Q3","10m","v2_zstd","1","cold",32,10000000,90000000,309993
"Q3","10m","v2_zstd","1","warm",23,10000000,90000000,262519
"Q3","10m","v2_zstd","2","cold",23,10000000,90000000,241368
"Q3","10m","v2_zstd","2","warm",23,10000000,90000000,256511
"Q3","10m","v2_zstd","3","cold",22,10000000,90000000,246984
"Q3","10m","v2_zstd","3","warm",22,10000000,90000000,256121
"Q3","10m","v2_zstd","4","cold",23,10000000,90000000,257374
"Q3","10m","v2_zstd","4","warm",23,10000000,90000000,237107
"Q3","10m","v2_zstd","5","cold",23,10000000,90000000,254399
"Q3","10m","v2_zstd","5","warm",23,10000000,90000000,247156
"Q3","10m","v3_percolumn","1","cold",33,10000000,90000000,323075
"Q3","10m","v3_percolumn","1","warm",28,10000000,90000000,346481
"Q3","10m","v3_percolumn","2","cold",28,10000000,90000000,318673
"Q3","10m","v3_percolumn","2","warm",29,10000000,90000000,362985
"Q3","10m","v3_percolumn","3","cold",27,10000000,90000000,320926
"Q3","10m","v3_percolumn","3","warm",30,10000000,90000000,330668
"Q3","10m","v3_percolumn","4","cold",28,10000000,90000000,339449
"Q3","10m","v3_percolumn","4","warm",29,10000000,90000000,371855
"Q3","10m","v3_percolumn","5","cold",28,10000000,90000000,310418
"Q3","10m","v3_percolumn","5","warm",31,10000000,90000000,356079
"Q3","10m","v4_percolumn_zstd","1","cold",18,10000000,90000000,152713
"Q3","10m","v4_percolumn_zstd","1","warm",15,10000000,90000000,136207
"Q3","10m","v4_percolumn_zstd","2","cold",14,10000000,90000000,142734
"Q3","10m","v4_percolumn_zstd","2","warm",14,10000000,90000000,140740
"Q3","10m","v4_percolumn_zstd","3","cold",13,10000000,90000000,131790
"Q3","10m","v4_percolumn_zstd","3","warm",14,10000000,90000000,135868
"Q3","10m","v4_percolumn_zstd","4","cold",15,10000000,90000000,135552
"Q3","10m","v4_percolumn_zstd","4","warm",14,10000000,90000000,136428
"Q3","10m","v4_percolumn_zstd","5","cold",14,10000000,90000000,137882
"Q3","10m","v4_percolumn_zstd","5","warm",14,10000000,90000000,136101
"Q3","10m","v5_aggressive","1","cold",17,10000000,90000000,144256
"Q3","10m","v5_aggressive","1","warm",14,10000000,90000000,144365
"Q3","10m","v5_aggressive","2","cold",13,10000000,90000000,139140
"Q3","10m","v5_aggressive","2","warm",14,10000000,90000000,131416
"Q3","10m","v5_aggressive","3","cold",17,10000000,90000000,138681
"Q3","10m","v5_aggressive","3","warm",14,10000000,90000000,140137
"Q3","10m","v5_aggressive","4","cold",16,10000000,90000000,142203
"Q3","10m","v5_aggressive","4","warm",15,10000000,90000000,142286
"Q3","10m","v5_aggressive","5","cold",15,10000000,90000000,140613
"Q3","10m","v5_aggressive","5","warm",15,10000000,90000000,129217
"Q3","1m","v1_default","1","cold",13,1000000,9000000,43739
"Q3","1m","v1_default","1","warm",8,1000000,9000000,30974
"Q3","1m","v1_default","2","cold",8,1000000,9000000,31533
"Q3","1m","v1_default","2","warm",12,1000000,9000000,31047
"Q3","1m","v1_default","3","cold",8,1000000,9000000,31349
"Q3","1m","v1_default","3","warm",8,1000000,9000000,31592
"Q3","1m","v1_default","4","cold",6,1000000,9000000,30131
"Q3","1m","v1_default","4","warm",8,1000000,9000000,27534
"Q3","1m","v1_default","5","cold",7,1000000,9000000,31109
"Q3","1m","v1_default","5","warm",6,1000000,9000000,28088
"Q3","1m","v2_zstd","1","cold",16,1000000,9000000,46302
"Q3","1m","v2_zstd","1","warm",8,1000000,9000000,35780
"Q3","1m","v2_zstd","2","cold",10,1000000,9000000,42046
"Q3","1m","v2_zstd","2","warm",11,1000000,9000000,37085
"Q3","1m","v2_zstd","3","cold",8,1000000,9000000,38526
"Q3","1m","v2_zstd","3","warm",9,1000000,9000000,39000
"Q3","1m","v2_zstd","4","cold",8,1000000,9000000,39273
"Q3","1m","v2_zstd","4","warm",8,1000000,9000000,34713
"Q3","1m","v2_zstd","5","cold",7,1000000,9000000,35223
"Q3","1m","v2_zstd","5","warm",8,1000000,9000000,39474
"Q3","1m","v3_percolumn","1","cold",12,1000000,9000000,48943
"Q3","1m","v3_percolumn","1","warm",8,1000000,9000000,45108
"Q3","1m","v3_percolumn","2","cold",9,1000000,9000000,44416
"Q3","1m","v3_percolumn","2","warm",8,1000000,9000000,41342
"Q3","1m","v3_percolumn","3","cold",8,1000000,9000000,41865
"Q3","1m","v3_percolumn","3","warm",12,1000000,9000000,43041
"Q3","1m","v3_percolumn","4","cold",8,1000000,9000000,40405
"Q3","1m","v3_percolumn","4","warm",9,1000000,9000000,44648
"Q3","1m","v3_percolumn","5","cold",9,1000000,9000000,45496
"Q3","1m","v3_percolumn","5","warm",9,1000000,9000000,45387
"Q3","1m","v4_percolumn_zstd","1","cold",10,1000000,9000000,27714
"Q3","1m","v4_percolumn_zstd","1","warm",7,1000000,9000000,27290
"Q3","1m","v4_percolumn_zstd","2","cold",8,1000000,9000000,24371
"Q3","1m","v4_percolumn_zstd","2","warm",8,1000000,9000000,26961
"Q3","1m","v4_percolumn_zstd","3","cold",7,1000000,9000000,27243
"Q3","1m","v4_percolumn_zstd","3","warm",6,1000000,9000000,24141
"Q3","1m","v4_percolumn_zstd","4","cold",6,1000000,9000000,26179
"Q3","1m","v4_percolumn_zstd","4","warm",6,1000000,9000000,22859
"Q3","1m","v4_percolumn_zstd","5","cold",8,1000000,9000000,25962
"Q3","1m","v4_percolumn_zstd","5","warm",7,1000000,9000000,26075
"Q3","1m","v5_aggressive","1","cold",42,1000000,9000000,32037
"Q3","1m","v5_aggressive","1","warm",6,1000000,9000000,24436
"Q3","1m","v5_aggressive","2","cold",6,1000000,9000000,26791
"Q3","1m","v5_aggressive","2","warm",9,1000000,9000000,25151
"Q3","1m","v5_aggressive","3","cold",6,1000000,9000000,24896
"Q3","1m","v5_aggressive","3","warm",9,1000000,9000000,33467
"Q3","1m","v5_aggressive","4","cold",6,1000000,9000000,25239
"Q3","1m","v5_aggressive","4","warm",6,1000000,9000000,23213
"Q3","1m","v5_aggressive","5","cold",6,1000000,9000000,24681
"Q3","1m","v5_aggressive","5","warm",6,1000000,9000000,25192
"Q3","500m","v1_default","1","cold",1464,500000000,4500000000,13850760
"Q3","500m","v1_default","1","warm",614,500000000,4500000000,8210106
"Q3","500m","v1_default","2","cold",603,500000000,4500000000,8340140
"Q3","500m","v1_default","2","warm",601,500000000,4500000000,8274282
"Q3","500m","v1_default","3","cold",550,500000000,4500000000,7975988
"Q3","500m","v1_default","3","warm",558,500000000,4500000000,8097007
"Q3","500m","v1_default","4","cold",596,500000000,4500000000,8155751
"Q3","500m","v1_default","4","warm",656,500000000,4500000000,8883009
"Q3","500m","v1_default","5","cold",662,500000000,4500000000,8371195
"Q3","500m","v1_default","5","warm",718,500000000,4500000000,8757601
"Q3","500m","v2_zstd","1","cold",1187,500000000,4500000000,13461750
"Q3","500m","v2_zstd","1","warm",803,500000000,4500000000,10913846
"Q3","500m","v2_zstd","2","cold",825,500000000,4500000000,10483203
"Q3","500m","v2_zstd","2","warm",900,500000000,4500000000,11102001
"Q3","500m","v2_zstd","3","cold",709,500000000,4500000000,10286886
"Q3","500m","v2_zstd","3","warm",807,500000000,4500000000,11978794
"Q3","500m","v2_zstd","4","cold",783,500000000,4500000000,11399902
"Q3","500m","v2_zstd","4","warm",747,500000000,4500000000,11003279
"Q3","500m","v2_zstd","5","cold",737,500000000,4500000000,10778507
"Q3","500m","v2_zstd","5","warm",810,500000000,4500000000,11941479
"Q3","500m","v3_percolumn","1","cold",1109,500000000,4500000000,16055318
"Q3","500m","v3_percolumn","1","warm",1010,500000000,4500000000,14890223
"Q3","500m","v3_percolumn","2","cold",960,500000000,4500000000,14331295
"Q3","500m","v3_percolumn","2","warm",978,500000000,4500000000,14186132
"Q3","500m","v3_percolumn","3","cold",1001,500000000,4500000000,14708774
"Q3","500m","v3_percolumn","3","warm",997,500000000,4500000000,14695877
"Q3","500m","v3_percolumn","4","cold",955,500000000,4500000000,14500996
"Q3","500m","v3_percolumn","4","warm",913,500000000,4500000000,13976031
"Q3","500m","v3_percolumn","5","cold",928,500000000,4500000000,14186974
"Q3","500m","v3_percolumn","5","warm",1029,500000000,4500000000,15591910
"Q3","500m","v4_percolumn_zstd","1","cold",421,500000000,4500000000,6159298
"Q3","500m","v4_percolumn_zstd","1","warm",399,500000000,4500000000,6062043
"Q3","500m","v4_percolumn_zstd","2","cold",402,500000000,4500000000,5940398
"Q3","500m","v4_percolumn_zstd","2","warm",400,500000000,4500000000,5988619
"Q3","500m","v4_percolumn_zstd","3","cold",400,500000000,4500000000,6036965
"Q3","500m","v4_percolumn_zstd","3","warm",417,500000000,4500000000,5706717
"Q3","500m","v4_percolumn_zstd","4","cold",382,500000000,4500000000,5793073
"Q3","500m","v4_percolumn_zstd","4","warm",551,500000000,4500000000,5840381
"Q3","500m","v4_percolumn_zstd","5","cold",381,500000000,4500000000,5959485
"Q3","500m","v4_percolumn_zstd","5","warm",408,500000000,4500000000,5944674
"Q3","500m","v5_aggressive","1","cold",402,500000000,4500000000,6119994
"Q3","500m","v5_aggressive","1","warm",392,500000000,4500000000,6009816
"Q3","500m","v5_aggressive","2","cold",377,500000000,4500000000,5861684
"Q3","500m","v5_aggressive","2","warm",380,500000000,4500000000,5836795
"Q3","500m","v5_aggressive","3","cold",364,500000000,4500000000,5649127
"Q3","500m","v5_aggressive","3","warm",388,500000000,4500000000,6024671
"Q3","500m","v5_aggressive","4","cold",375,500000000,4500000000,5783980
"Q3","500m","v5_aggressive","4","warm",369,500000000,4500000000,5689886
"Q3","500m","v5_aggressive","5","cold",371,500000000,4500000000,5798757
"Q3","500m","v5_aggressive","5","warm",377,500000000,4500000000,5887551
"Q4","100m","v1_default","1","cold",4,57344,223359,4254
"Q4","100m","v1_default","1","warm",3,40960,206909,3608
"Q4","100m","v1_default","2","cold",4,40960,206909,4247
"Q4","100m","v1_default","2","warm",3,40960,206909,3256
"Q4","100m","v1_default","3","cold",3,40960,206909,3226
"Q4","100m","v1_default","3","warm",5,40960,206909,4977
"Q4","100m","v1_default","4","cold",4,40960,206909,3769
"Q4","100m","v1_default","4","warm",4,40960,206909,3807
"Q4","100m","v1_default","5","cold",4,40960,206909,4200
"Q4","100m","v1_default","5","warm",3,40960,206909,3530
"Q4","100m","v2_zstd","1","cold",5,57344,223359,5077
"Q4","100m","v2_zstd","1","warm",3,40960,206909,3583
"Q4","100m","v2_zstd","2","cold",3,40960,206909,3587
"Q4","100m","v2_zstd","2","warm",3,40960,206909,3665
"Q4","100m","v2_zstd","3","cold",4,40960,206909,4496
"Q4","100m","v2_zstd","3","warm",4,40960,206909,3912
"Q4","100m","v2_zstd","4","cold",4,40960,206909,4295
"Q4","100m","v2_zstd","4","warm",4,40960,206909,4418
"Q4","100m","v2_zstd","5","cold",3,40960,206909,3688
"Q4","100m","v2_zstd","5","warm",4,40960,206909,3813
"Q4","100m","v3_percolumn","1","cold",6,57344,342477,5801
"Q4","100m","v3_percolumn","1","warm",3,40960,276941,3626
"Q4","100m","v3_percolumn","2","cold",4,40960,276941,4018
"Q4","100m","v3_percolumn","2","warm",4,40960,276941,4217
"Q4","100m","v3_percolumn","3","cold",5,40960,276941,4806
"Q4","100m","v3_percolumn","3","warm",3,40960,276941,3618
"Q4","100m","v3_percolumn","4","cold",4,40960,276941,3952
"Q4","100m","v3_percolumn","4","warm",4,40960,276941,4720
"Q4","100m","v3_percolumn","5","cold",3,40960,276941,3833
"Q4","100m","v3_percolumn","5","warm",4,40960,276941,3929
"Q4","100m","v4_percolumn_zstd","1","cold",4,57344,223359,4741
"Q4","100m","v4_percolumn_zstd","1","warm",3,40960,206909,3660
"Q4","100m","v4_percolumn_zstd","2","cold",3,40960,206909,3674
"Q4","100m","v4_percolumn_zstd","2","warm",4,40960,206909,3685
"Q4","100m","v4_percolumn_zstd","3","cold",4,40960,206909,4298
"Q4","100m","v4_percolumn_zstd","3","warm",3,40960,206909,3667
"Q4","100m","v4_percolumn_zstd","4","cold",4,40960,206909,4517
"Q4","100m","v4_percolumn_zstd","4","warm",5,40960,206909,5789
"Q4","100m","v4_percolumn_zstd","5","cold",3,40960,206909,3698
"Q4","100m","v4_percolumn_zstd","5","warm",4,40960,206909,3845
"Q4","100m","v5_aggressive","1","cold",4,57344,223359,4392
"Q4","100m","v5_aggressive","1","warm",4,40960,206909,3959
"Q4","100m","v5_aggressive","2","cold",3,40960,206909,3641
"Q4","100m","v5_aggressive","2","warm",4,40960,206909,3940
"Q4","100m","v5_aggressive","3","cold",4,40960,206909,4232
"Q4","100m","v5_aggressive","3","warm",4,40960,206909,4272
"Q4","100m","v5_aggressive","4","cold",5,40960,206909,5147
"Q4","100m","v5_aggressive","4","warm",4,40960,206909,3961
"Q4","100m","v5_aggressive","5","cold",4,40960,206909,3888
"Q4","100m","v5_aggressive","5","warm",4,40960,206909,3871
"Q4","10m","v1_default","1","cold",2,49152,58506,2877
"Q4","10m","v1_default","1","warm",2,0,0,2001
"Q4","10m","v1_default","2","cold",2,0,0,2170
"Q4","10m","v1_default","2","warm",2,0,0,2485
"Q4","10m","v1_default","3","cold",2,0,0,2177
"Q4","10m","v1_default","3","warm",2,0,0,2617
"Q4","10m","v1_default","4","cold",2,0,0,1956
"Q4","10m","v1_default","4","warm",2,0,0,2295
"Q4","10m","v1_default","5","cold",2,0,0,2035
"Q4","10m","v1_default","5","warm",2,0,0,2278
"Q4","10m","v2_zstd","1","cold",3,49152,58506,3619
"Q4","10m","v2_zstd","1","warm",2,0,0,1906
"Q4","10m","v2_zstd","2","cold",2,0,0,2096
"Q4","10m","v2_zstd","2","warm",2,0,0,2089
"Q4","10m","v2_zstd","3","cold",2,0,0,2261
"Q4","10m","v2_zstd","3","warm",2,0,0,1969
"Q4","10m","v2_zstd","4","cold",2,0,0,2538
"Q4","10m","v2_zstd","4","warm",3,0,0,2751
"Q4","10m","v2_zstd","5","cold",2,0,0,2520
"Q4","10m","v2_zstd","5","warm",2,0,0,2531
"Q4","10m","v3_percolumn","1","cold",4,49152,196608,4419
"Q4","10m","v3_percolumn","1","warm",2,0,0,1906
"Q4","10m","v3_percolumn","2","cold",2,0,0,2135
"Q4","10m","v3_percolumn","2","warm",2,0,0,2635
"Q4","10m","v3_percolumn","3","cold",2,0,0,1931
"Q4","10m","v3_percolumn","3","warm",2,0,0,2080
"Q4","10m","v3_percolumn","4","cold",2,0,0,2040
"Q4","10m","v3_percolumn","4","warm",2,0,0,2275
"Q4","10m","v3_percolumn","5","cold",2,0,0,2071
"Q4","10m","v3_percolumn","5","warm",2,0,0,2352
"Q4","10m","v4_percolumn_zstd","1","cold",3,49152,58506,3350
"Q4","10m","v4_percolumn_zstd","1","warm",2,0,0,2248
"Q4","10m","v4_percolumn_zstd","2","cold",2,0,0,1959
"Q4","10m","v4_percolumn_zstd","2","warm",2,0,0,2370
"Q4","10m","v4_percolumn_zstd","3","cold",2,0,0,2190
"Q4","10m","v4_percolumn_zstd","3","warm",2,0,0,2427
"Q4","10m","v4_percolumn_zstd","4","cold",2,0,0,2073
"Q4","10m","v4_percolumn_zstd","4","warm",3,0,0,2857
"Q4","10m","v4_percolumn_zstd","5","cold",3,0,0,2978
"Q4","10m","v4_percolumn_zstd","5","warm",2,0,0,2269
"Q4","10m","v5_aggressive","1","cold",3,49152,58506,3658
"Q4","10m","v5_aggressive","1","warm",2,0,0,1838
"Q4","10m","v5_aggressive","2","cold",2,0,0,2153
"Q4","10m","v5_aggressive","2","warm",2,0,0,2031
"Q4","10m","v5_aggressive","3","cold",1,0,0,1795
"Q4","10m","v5_aggressive","3","warm",2,0,0,2266
"Q4","10m","v5_aggressive","4","cold",2,0,0,2162
"Q4","10m","v5_aggressive","4","warm",3,0,0,3316
"Q4","10m","v5_aggressive","5","cold",2,0,0,2453
"Q4","10m","v5_aggressive","5","warm",2,0,0,2358
"Q4","1m","v1_default","1","cold",3,49152,76426,3116
"Q4","1m","v1_default","1","warm",2,0,0,2201
"Q4","1m","v1_default","2","cold",2,0,0,2018
"Q4","1m","v1_default","2","warm",2,0,0,2071
"Q4","1m","v1_default","3","cold",2,0,0,1940
"Q4","1m","v1_default","3","warm",2,0,0,2045
"Q4","1m","v1_default","4","cold",2,0,0,2140
"Q4","1m","v1_default","4","warm",2,0,0,2126
"Q4","1m","v1_default","5","cold",2,0,0,2357
"Q4","1m","v1_default","5","warm",2,0,0,2661
"Q4","1m","v2_zstd","1","cold",4,49152,76426,3858
"Q4","1m","v2_zstd","1","warm",2,0,0,2108
"Q4","1m","v2_zstd","2","cold",2,0,0,2275
"Q4","1m","v2_zstd","2","warm",2,0,0,2606
"Q4","1m","v2_zstd","3","cold",2,0,0,2485
"Q4","1m","v2_zstd","3","warm",2,0,0,2289
"Q4","1m","v2_zstd","4","cold",2,0,0,2089
"Q4","1m","v2_zstd","4","warm",2,0,0,2076
"Q4","1m","v2_zstd","5","cold",2,0,0,2102
"Q4","1m","v2_zstd","5","warm",2,0,0,2112
"Q4","1m","v3_percolumn","1","cold",4,49152,196608,4322
"Q4","1m","v3_percolumn","1","warm",2,0,0,2349
"Q4","1m","v3_percolumn","2","cold",2,0,0,2301
"Q4","1m","v3_percolumn","2","warm",2,0,0,2256
"Q4","1m","v3_percolumn","3","cold",2,0,0,1760
"Q4","1m","v3_percolumn","3","warm",2,0,0,2684
"Q4","1m","v3_percolumn","4","cold",2,0,0,2495
"Q4","1m","v3_percolumn","4","warm",2,0,0,2247
"Q4","1m","v3_percolumn","5","cold",2,0,0,2470
"Q4","1m","v3_percolumn","5","warm",3,0,0,2813
"Q4","1m","v4_percolumn_zstd","1","cold",4,49152,76426,3782
"Q4","1m","v4_percolumn_zstd","1","warm",2,0,0,1967
"Q4","1m","v4_percolumn_zstd","2","cold",2,0,0,2000
"Q4","1m","v4_percolumn_zstd","2","warm",2,0,0,2194
"Q4","1m","v4_percolumn_zstd","3","cold",2,0,0,1934
"Q4","1m","v4_percolumn_zstd","3","warm",2,0,0,1990
"Q4","1m","v4_percolumn_zstd","4","cold",2,0,0,1983
"Q4","1m","v4_percolumn_zstd","4","warm",2,0,0,1911
"Q4","1m","v4_percolumn_zstd","5","cold",2,0,0,2160
"Q4","1m","v4_percolumn_zstd","5","warm",2,0,0,2440
"Q4","1m","v5_aggressive","1","cold",4,49152,76426,3910
"Q4","1m","v5_aggressive","1","warm",2,0,0,2237
"Q4","1m","v5_aggressive","2","cold",2,0,0,2258
"Q4","1m","v5_aggressive","2","warm",2,0,0,2596
"Q4","1m","v5_aggressive","3","cold",2,0,0,2491
"Q4","1m","v5_aggressive","3","warm",2,0,0,2654
"Q4","1m","v5_aggressive","4","cold",2,0,0,2464
"Q4","1m","v5_aggressive","4","warm",2,0,0,2093
"Q4","1m","v5_aggressive","5","cold",2,0,0,2541
"Q4","1m","v5_aggressive","5","warm",2,0,0,2176
"Q4","500m","v1_default","1","cold",4,57344,157823,4518
"Q4","500m","v1_default","1","warm",4,40960,141373,3568
"Q4","500m","v1_default","2","cold",4,40960,141373,3728
"Q4","500m","v1_default","2","warm",3,40960,141373,3645
"Q4","500m","v1_default","3","cold",3,40960,141373,3307
"Q4","500m","v1_default","3","warm",4,40960,141373,3849
"Q4","500m","v1_default","4","cold",4,40960,141373,3956
"Q4","500m","v1_default","4","warm",4,40960,141373,4380
"Q4","500m","v1_default","5","cold",5,40960,141373,5176
"Q4","500m","v1_default","5","warm",4,40960,141373,3796
"Q4","500m","v2_zstd","1","cold",4,57344,157823,4238
"Q4","500m","v2_zstd","1","warm",3,40960,141373,3688
"Q4","500m","v2_zstd","2","cold",4,40960,141373,4059
"Q4","500m","v2_zstd","2","warm",4,40960,141373,4008
"Q4","500m","v2_zstd","3","cold",3,40960,141373,3695
"Q4","500m","v2_zstd","3","warm",4,40960,141373,4127
"Q4","500m","v2_zstd","4","cold",4,40960,141373,4234
"Q4","500m","v2_zstd","4","warm",4,40960,141373,4093
"Q4","500m","v2_zstd","5","cold",3,40960,141373,3521
"Q4","500m","v2_zstd","5","warm",7,40960,141373,4640
"Q4","500m","v3_percolumn","1","cold",6,188416,807724,9319
"Q4","500m","v3_percolumn","1","warm",5,40960,217900,5238
"Q4","500m","v3_percolumn","2","cold",4,40960,217900,4357
"Q4","500m","v3_percolumn","2","warm",4,40960,217900,4421
"Q4","500m","v3_percolumn","3","cold",4,40960,217900,4282
"Q4","500m","v3_percolumn","3","warm",5,40960,217900,5123
"Q4","500m","v3_percolumn","4","cold",4,40960,217900,3844
"Q4","500m","v3_percolumn","4","warm",4,40960,217900,3742
"Q4","500m","v3_percolumn","5","cold",4,40960,217900,4206
"Q4","500m","v3_percolumn","5","warm",4,40960,217900,4259
"Q4","500m","v4_percolumn_zstd","1","cold",5,196608,348251,8603
"Q4","500m","v4_percolumn_zstd","1","warm",4,40960,145341,4489
"Q4","500m","v4_percolumn_zstd","2","cold",4,40960,145341,4526
"Q4","500m","v4_percolumn_zstd","2","warm",4,40960,145341,3927
"Q4","500m","v4_percolumn_zstd","3","cold",4,40960,145341,3916
"Q4","500m","v4_percolumn_zstd","3","warm",3,40960,145341,3600
"Q4","500m","v4_percolumn_zstd","4","cold",4,40960,145341,3860
"Q4","500m","v4_percolumn_zstd","4","warm",3,40960,145341,3543
"Q4","500m","v4_percolumn_zstd","5","cold",3,40960,145341,3684
"Q4","500m","v4_percolumn_zstd","5","warm",4,40960,145341,4047
"Q4","500m","v5_aggressive","1","cold",6,303104,520624,13791
"Q4","500m","v5_aggressive","1","warm",4,40960,145341,4321
"Q4","500m","v5_aggressive","2","cold",4,40960,145341,4292
"Q4","500m","v5_aggressive","2","warm",3,40960,145341,3237
"Q4","500m","v5_aggressive","3","cold",4,40960,145341,4584
"Q4","500m","v5_aggressive","3","warm",4,40960,145341,4229
"Q4","500m","v5_aggressive","4","cold",4,40960,145341,4512
"Q4","500m","v5_aggressive","4","warm",4,40960,145341,4721
"Q4","500m","v5_aggressive","5","cold",3,40960,145341,3649
"Q4","500m","v5_aggressive","5","warm",3,40960,145341,3716
"Q5","100m","v1_default","1","cold",142,40009728,221296424,919528
"Q5","100m","v1_default","1","warm",51,20480000,201580458,541174
"Q5","100m","v1_default","2","cold",55,20414464,201662462,562064
"Q5","100m","v1_default","2","warm",53,20217856,201663051,524253
"Q5","100m","v1_default","3","cold",54,20217856,201663051,554285
"Q5","100m","v1_default","3","warm",52,20217856,201663051,498878
"Q5","100m","v1_default","4","cold",55,20217856,201663051,518783
"Q5","100m","v1_default","4","warm",54,20217856,201663051,541386
"Q5","100m","v1_default","5","cold",54,20217856,201663051,518012
"Q5","100m","v1_default","5","warm",53,20217856,201663051,528319
"Q5","100m","v2_zstd","1","cold",145,40009728,221296424,1064556
"Q5","100m","v2_zstd","1","warm",65,20480000,201580458,759076
"Q5","100m","v2_zstd","2","cold",69,20414464,201662462,761963
"Q5","100m","v2_zstd","2","warm",73,20217856,201663051,738855
"Q5","100m","v2_zstd","3","cold",74,20217856,201663051,732813
"Q5","100m","v2_zstd","3","warm",74,20217856,201663051,750542
"Q5","100m","v2_zstd","4","cold",68,20217856,201663051,747119
"Q5","100m","v2_zstd","4","warm",72,20217856,201663051,745467
"Q5","100m","v2_zstd","5","cold",71,20217856,201663051,754796
"Q5","100m","v2_zstd","5","warm",71,20217856,201663051,790335
"Q5","100m","v3_percolumn","1","cold",186,40009728,221296424,1301235
"Q5","100m","v3_percolumn","1","warm",85,20480000,201580458,883571
"Q5","100m","v3_percolumn","2","cold",84,20414464,201662462,937709
"Q5","100m","v3_percolumn","2","warm",91,20217856,201663051,901405
"Q5","100m","v3_percolumn","3","cold",86,20217856,201663051,938217
"Q5","100m","v3_percolumn","3","warm",89,20217856,201663051,864400
"Q5","100m","v3_percolumn","4","cold",82,20217856,201663051,890640
"Q5","100m","v3_percolumn","4","warm",87,20217856,201663051,887196
"Q5","100m","v3_percolumn","5","cold",86,20217856,201663051,895110
"Q5","100m","v3_percolumn","5","warm",82,20217856,201663051,912530
"Q5","100m","v4_percolumn_zstd","1","cold",188,40009728,221296424,1458945
"Q5","100m","v4_percolumn_zstd","1","warm",96,20480000,201580458,1073087
"Q5","100m","v4_percolumn_zstd","2","cold",94,20414464,201662462,1100433
"Q5","100m","v4_percolumn_zstd","2","warm",96,20217856,201663051,1052622
"Q5","100m","v4_percolumn_zstd","3","cold",99,20217856,201663051,1109531
"Q5","100m","v4_percolumn_zstd","3","warm",113,20217856,201663051,1258996
"Q5","100m","v4_percolumn_zstd","4","cold",95,20217856,201663051,1117400
"Q5","100m","v4_percolumn_zstd","4","warm",106,20217856,201663051,1178795
"Q5","100m","v4_percolumn_zstd","5","cold",102,20217856,201663051,1161363
"Q5","100m","v4_percolumn_zstd","5","warm",95,20217856,201663051,1118427
"Q5","100m","v5_aggressive","1","cold",212,40009728,221296424,1515473
"Q5","100m","v5_aggressive","1","warm",102,20480000,201580458,1053193
"Q5","100m","v5_aggressive","2","cold",103,20414464,201662462,1104090
"Q5","100m","v5_aggressive","2","warm",108,20217856,201663051,1151712
"Q5","100m","v5_aggressive","3","cold",107,20217856,201663051,1086295
"Q5","100m","v5_aggressive","3","warm",112,20217856,201663051,1111007
"Q5","100m","v5_aggressive","4","cold",92,20217856,201663051,1023400
"Q5","100m","v5_aggressive","4","warm",99,20217856,201663051,1039938
"Q5","100m","v5_aggressive","5","cold",111,20217856,201663051,1091106
"Q5","100m","v5_aggressive","5","warm",115,20217856,201663051,1163179
"Q5","10m","v1_default","1","cold",27,4014080,23492057,108999
"Q5","10m","v1_default","1","warm",18,2564096,22190040,77601
"Q5","10m","v1_default","2","cold",13,2498560,22124465,73305
"Q5","10m","v1_default","2","warm",12,2498560,22124465,68463
"Q5","10m","v1_default","3","cold",14,2498560,22124465,76025
"Q5","10m","v1_default","3","warm",12,2498560,22124465,68511
"Q5","10m","v1_default","4","cold",12,2498560,22124465,67694
"Q5","10m","v1_default","4","warm",13,2498560,22124465,72467
"Q5","10m","v1_default","5","cold",12,2498560,22124465,70093
"Q5","10m","v1_default","5","warm",11,2498560,22124465,67327
"Q5","10m","v2_zstd","1","cold",35,4014080,23492057,141269
"Q5","10m","v2_zstd","1","warm",16,2564096,22190040,93125
"Q5","10m","v2_zstd","2","cold",16,2498560,22124465,97156
"Q5","10m","v2_zstd","2","warm",15,2498560,22124465,94022
"Q5","10m","v2_zstd","3","cold",15,2498560,22124465,96298
"Q5","10m","v2_zstd","3","warm",15,2498560,22124465,94772
"Q5","10m","v2_zstd","4","cold",14,2498560,22124465,93651
"Q5","10m","v2_zstd","4","warm",14,2498560,22124465,92880
"Q5","10m","v2_zstd","5","cold",16,2498560,22124465,97377
"Q5","10m","v2_zstd","5","warm",14,2498560,22124465,86511
"Q5","10m","v3_percolumn","1","cold",31,4014080,23492057,147000
"Q5","10m","v3_percolumn","1","warm",17,2564096,22190040,113332
"Q5","10m","v3_percolumn","2","cold",17,2498560,22124465,108699
"Q5","10m","v3_percolumn","2","warm",17,2498560,22124465,114150
"Q5","10m","v3_percolumn","3","cold",16,2498560,22124465,97218
"Q5","10m","v3_percolumn","3","warm",17,2498560,22124465,115201
"Q5","10m","v3_percolumn","4","cold",18,2498560,22124465,117504
"Q5","10m","v3_percolumn","4","warm",16,2498560,22124465,104248
"Q5","10m","v3_percolumn","5","cold",17,2498560,22124465,117553
"Q5","10m","v3_percolumn","5","warm",17,2498560,22124465,114974
"Q5","10m","v4_percolumn_zstd","1","cold",41,4014080,23492057,208797
"Q5","10m","v4_percolumn_zstd","1","warm",19,2564096,22190040,132210
"Q5","10m","v4_percolumn_zstd","2","cold",19,2498560,22124465,135170
"Q5","10m","v4_percolumn_zstd","2","warm",18,2498560,22124465,138257
"Q5","10m","v4_percolumn_zstd","3","cold",19,2498560,22124465,136113
"Q5","10m","v4_percolumn_zstd","3","warm",21,2498560,22124465,146613
"Q5","10m","v4_percolumn_zstd","4","cold",19,2498560,22124465,138379
"Q5","10m","v4_percolumn_zstd","4","warm",20,2498560,22124465,130559
"Q5","10m","v4_percolumn_zstd","5","cold",19,2498560,22124465,140437
"Q5","10m","v4_percolumn_zstd","5","warm",21,2498560,22124465,139004
"Q5","10m","v5_aggressive","1","cold",40,4014080,23492057,193239
"Q5","10m","v5_aggressive","1","warm",21,2564096,22190040,141827
"Q5","10m","v5_aggressive","2","cold",19,2498560,22124465,134982
"Q5","10m","v5_aggressive","2","warm",20,2498560,22124465,145659
"Q5","10m","v5_aggressive","3","cold",18,2498560,22124465,135097
"Q5","10m","v5_aggressive","3","warm",21,2498560,22124465,143537
"Q5","10m","v5_aggressive","4","cold",22,2498560,22124465,143812
"Q5","10m","v5_aggressive","4","warm",20,2498560,22124465,135161
"Q5","10m","v5_aggressive","5","cold",19,2498560,22124465,141380
"Q5","10m","v5_aggressive","5","warm",18,2498560,22124465,141398
"Q5","1m","v1_default","1","cold",13,409600,3324288,24144
"Q5","1m","v1_default","1","warm",8,409600,3324288,18263
"Q5","1m","v1_default","2","cold",8,409600,3324288,18308
"Q5","1m","v1_default","2","warm",8,409600,3324288,17749
"Q5","1m","v1_default","3","cold",8,409600,3324288,17965
"Q5","1m","v1_default","3","warm",7,409600,3324288,17874
"Q5","1m","v1_default","4","cold",7,409600,3324288,18065
"Q5","1m","v1_default","4","warm",7,409600,3324288,17027
"Q5","1m","v1_default","5","cold",8,409600,3324288,19226
"Q5","1m","v1_default","5","warm",7,409600,3324288,17179
"Q5","1m","v2_zstd","1","cold",14,409600,3324288,28592
"Q5","1m","v2_zstd","1","warm",9,409600,3324288,23070
"Q5","1m","v2_zstd","2","cold",8,409600,3324288,20963
"Q5","1m","v2_zstd","2","warm",8,409600,3324288,20635
"Q5","1m","v2_zstd","3","cold",8,409600,3324288,20457
"Q5","1m","v2_zstd","3","warm",9,409600,3324288,20745
"Q5","1m","v2_zstd","4","cold",8,409600,3324288,20024
"Q5","1m","v2_zstd","4","warm",9,409600,3324288,21881
"Q5","1m","v2_zstd","5","cold",10,409600,3324288,24490
"Q5","1m","v2_zstd","5","warm",9,409600,3324288,21305
"Q5","1m","v3_percolumn","1","cold",14,409600,3324288,31135
"Q5","1m","v3_percolumn","1","warm",9,409600,3324288,21935
"Q5","1m","v3_percolumn","2","cold",8,409600,3324288,22650
"Q5","1m","v3_percolumn","2","warm",9,409600,3324288,23750
"Q5","1m","v3_percolumn","3","cold",9,409600,3324288,24138
"Q5","1m","v3_percolumn","3","warm",10,409600,3324288,22523
"Q5","1m","v3_percolumn","4","cold",9,409600,3324288,25020
"Q5","1m","v3_percolumn","4","warm",10,409600,3324288,23265
"Q5","1m","v3_percolumn","5","cold",10,409600,3324288,25004
"Q5","1m","v3_percolumn","5","warm",9,409600,3324288,22301
"Q5","1m","v4_percolumn_zstd","1","cold",17,409600,3324288,35321
"Q5","1m","v4_percolumn_zstd","1","warm",10,409600,3324288,24757
"Q5","1m","v4_percolumn_zstd","2","cold",14,409600,3324288,25952
"Q5","1m","v4_percolumn_zstd","2","warm",10,409600,3324288,27898
"Q5","1m","v4_percolumn_zstd","3","cold",10,409600,3324288,28367
"Q5","1m","v4_percolumn_zstd","3","warm",10,409600,3324288,28005
"Q5","1m","v4_percolumn_zstd","4","cold",10,409600,3324288,27904
"Q5","1m","v4_percolumn_zstd","4","warm",11,409600,3324288,27218
"Q5","1m","v4_percolumn_zstd","5","cold",9,409600,3324288,26035
"Q5","1m","v4_percolumn_zstd","5","warm",10,409600,3324288,27613
"Q5","1m","v5_aggressive","1","cold",16,409600,3324288,32217
"Q5","1m","v5_aggressive","1","warm",10,409600,3324288,26836
"Q5","1m","v5_aggressive","2","cold",10,409600,3324288,25051
"Q5","1m","v5_aggressive","2","warm",10,409600,3324288,27237
"Q5","1m","v5_aggressive","3","cold",11,409600,3324288,28603
"Q5","1m","v5_aggressive","3","warm",11,409600,3324288,27093
"Q5","1m","v5_aggressive","4","cold",9,409600,3324288,24851
"Q5","1m","v5_aggressive","4","warm",10,409600,3324288,26126
"Q5","1m","v5_aggressive","5","cold",10,409600,3324288,25589
"Q5","1m","v5_aggressive","5","warm",9,409600,3324288,24375
"Q5","500m","v1_default","1","cold",739,200015872,1101599196,4544290
"Q5","500m","v1_default","1","warm",256,100450304,1002266221,2456338
"Q5","500m","v1_default","2","cold",244,100450304,1002266221,2497964
"Q5","500m","v1_default","2","warm",244,100450304,1002266221,2512375
"Q5","500m","v1_default","3","cold",262,100450304,1002266221,2626535
"Q5","500m","v1_default","3","warm",270,100450304,1002266221,2607607
"Q5","500m","v1_default","4","cold",237,100450304,1002266221,2439528
"Q5","500m","v1_default","4","warm",247,100450304,1002266221,2490586
"Q5","500m","v1_default","5","cold",268,100450304,1002266221,2511381
"Q5","500m","v1_default","5","warm",262,100450304,1002266221,2358198
"Q5","500m","v2_zstd","1","cold",919,200015872,1101599196,6582746
"Q5","500m","v2_zstd","1","warm",351,100450304,1002266221,3542962
"Q5","500m","v2_zstd","2","cold",519,100450304,1002266221,4554174
"Q5","500m","v2_zstd","2","warm",318,100450304,1002266221,3535024
"Q5","500m","v2_zstd","3","cold",301,100450304,1002266221,3486092
"Q5","500m","v2_zstd","3","warm",298,100450304,1002266221,3466566
"Q5","500m","v2_zstd","4","cold",307,100450304,1002266221,3624496
"Q5","500m","v2_zstd","4","warm",293,100450304,1002266221,3463742
"Q5","500m","v2_zstd","5","cold",315,100450304,1002266221,3577503
"Q5","500m","v2_zstd","5","warm",312,100450304,1002266221,3604565
"Q5","500m","v3_percolumn","1","cold",694,200040448,1103605998,6207850
"Q5","500m","v3_percolumn","1","warm",335,101023744,1004911607,4294439
"Q5","500m","v3_percolumn","2","cold",313,101023744,1004911607,4012223
"Q5","500m","v3_percolumn","2","warm",324,101023744,1004911607,4184663
"Q5","500m","v3_percolumn","3","cold",341,101023744,1004911607,4390359
"Q5","500m","v3_percolumn","3","warm",342,101023744,1004911607,4308311
"Q5","500m","v3_percolumn","4","cold",302,101023744,1004911607,4016151
"Q5","500m","v3_percolumn","4","warm",307,101023744,1004911607,4103548
"Q5","500m","v3_percolumn","5","cold",332,101023744,1004911607,4481358
"Q5","500m","v3_percolumn","5","warm",387,101023744,1004911607,5016130
"Q5","500m","v4_percolumn_zstd","1","cold",697,200040448,1103125653,7160573
"Q5","500m","v4_percolumn_zstd","1","warm",400,101064704,1003771629,5440350
"Q5","500m","v4_percolumn_zstd","2","cold",392,100933632,1004429365,5243290
"Q5","500m","v4_percolumn_zstd","2","warm",411,100933632,1004429365,5639019
"Q5","500m","v4_percolumn_zstd","3","cold",403,100933632,1004429365,5175253
"Q5","500m","v4_percolumn_zstd","3","warm",396,100933632,1004429365,5442095
"Q5","500m","v4_percolumn_zstd","4","cold",398,100933632,1004429365,5475817
"Q5","500m","v4_percolumn_zstd","4","warm",380,100933632,1004429365,5052716
"Q5","500m","v4_percolumn_zstd","5","cold",384,100933632,1004429365,5302942
"Q5","500m","v4_percolumn_zstd","5","warm",387,100933632,1004429365,5349043
"Q5","500m","v5_aggressive","1","cold",657,200081408,1102203152,6903865
"Q5","500m","v5_aggressive","1","warm",382,101097472,1003290405,5313165
"Q5","500m","v5_aggressive","2","cold",381,100966400,1003142700,5304531
"Q5","500m","v5_aggressive","2","warm",373,100900864,1003471680,5204645
"Q5","500m","v5_aggressive","3","cold",379,100835328,1003406105,5177935
"Q5","500m","v5_aggressive","3","warm",365,100835328,1003406105,5075167
"Q5","500m","v5_aggressive","4","cold",351,100835328,1003406105,4875219
"Q5","500m","v5_aggressive","4","warm",376,100835328,1003406105,5192491
"Q5","500m","v5_aggressive","5","cold",364,100835328,1003406105,5072069
"Q5","500m","v5_aggressive","5","warm",384,100835328,1003406105,5302326
"Q6","100m","v1_default","1","cold",978,100000000,2300000000,12801199
"Q6","100m","v1_default","1","warm",748,100000000,2300000000,11398100
"Q6","100m","v1_default","2","cold",720,100000000,2300000000,10958106
"Q6","100m","v1_default","2","warm",742,100000000,2300000000,11436917
"Q6","100m","v1_default","3","cold",780,100000000,2300000000,11947817
"Q6","100m","v1_default","3","warm",830,100000000,2300000000,12603166
"Q6","100m","v1_default","4","cold",771,100000000,2300000000,11969166
"Q6","100m","v1_default","4","warm",796,100000000,2300000000,12373092
"Q6","100m","v1_default","5","cold",685,100000000,2300000000,10573959
"Q6","100m","v1_default","5","warm",711,100000000,2300000000,10977963
"Q6","100m","v2_zstd","1","cold",1039,100000000,2300000000,14071033
"Q6","100m","v2_zstd","1","warm",847,100000000,2300000000,12973779
"Q6","100m","v2_zstd","2","cold",845,100000000,2300000000,12615138
"Q6","100m","v2_zstd","2","warm",851,100000000,2300000000,12700718
"Q6","100m","v2_zstd","3","cold",901,100000000,2300000000,12939115
"Q6","100m","v2_zstd","3","warm",855,100000000,2300000000,12661342
"Q6","100m","v2_zstd","4","cold",865,100000000,2300000000,12796605
"Q6","100m","v2_zstd","4","warm",819,100000000,2300000000,12290800
"Q6","100m","v2_zstd","5","cold",861,100000000,2300000000,12326305
"Q6","100m","v2_zstd","5","warm",842,100000000,2300000000,12085363
"Q6","100m","v3_percolumn","1","cold",1115,100000000,2300000000,15179904
"Q6","100m","v3_percolumn","1","warm",948,100000000,2300000000,13543192
"Q6","100m","v3_percolumn","2","cold",905,100000000,2300000000,13147353
"Q6","100m","v3_percolumn","2","warm",1010,100000000,2300000000,14230478
"Q6","100m","v3_percolumn","3","cold",1052,100000000,2300000000,14274704
"Q6","100m","v3_percolumn","3","warm",1049,100000000,2300000000,14474692
"Q6","100m","v3_percolumn","4","cold",969,100000000,2300000000,13929498
"Q6","100m","v3_percolumn","4","warm",959,100000000,2300000000,13869931
"Q6","100m","v3_percolumn","5","cold",970,100000000,2300000000,13905128
"Q6","100m","v3_percolumn","5","warm",950,100000000,2300000000,13749026
"Q6","100m","v4_percolumn_zstd","1","cold",1057,100000000,2300000000,14075093
"Q6","100m","v4_percolumn_zstd","1","warm",876,100000000,2300000000,12721718
"Q6","100m","v4_percolumn_zstd","2","cold",984,100000000,2300000000,14275845
"Q6","100m","v4_percolumn_zstd","2","warm",937,100000000,2300000000,13297043
"Q6","100m","v4_percolumn_zstd","3","cold",948,100000000,2300000000,13761761
"Q6","100m","v4_percolumn_zstd","3","warm",912,100000000,2300000000,13321450
"Q6","100m","v4_percolumn_zstd","4","cold",917,100000000,2300000000,13174262
"Q6","100m","v4_percolumn_zstd","4","warm",902,100000000,2300000000,13347321
"Q6","100m","v4_percolumn_zstd","5","cold",863,100000000,2300000000,12987173
"Q6","100m","v4_percolumn_zstd","5","warm",960,100000000,2300000000,13808803
"Q6","100m","v5_aggressive","1","cold",1122,100000000,2300000000,13998183
"Q6","100m","v5_aggressive","1","warm",992,100000000,2300000000,13547619
"Q6","100m","v5_aggressive","2","cold",900,100000000,2300000000,12275248
"Q6","100m","v5_aggressive","2","warm",1001,100000000,2300000000,13174971
"Q6","100m","v5_aggressive","3","cold",1076,100000000,2300000000,13948605
"Q6","100m","v5_aggressive","3","warm",1078,100000000,2300000000,13538475
"Q6","100m","v5_aggressive","4","cold",990,100000000,2300000000,13292420
"Q6","100m","v5_aggressive","4","warm",901,100000000,2300000000,11967012
"Q6","100m","v5_aggressive","5","cold",1008,100000000,2300000000,12843038
"Q6","100m","v5_aggressive","5","warm",1043,100000000,2300000000,13161239
"Q6","10m","v1_default","1","cold",151,10000000,230000000,1462964
"Q6","10m","v1_default","1","warm",103,10000000,230000000,1135886
"Q6","10m","v1_default","2","cold",93,10000000,230000000,1108283
"Q6","10m","v1_default","2","warm",95,10000000,230000000,1182795
"Q6","10m","v1_default","3","cold",107,10000000,230000000,1274709
"Q6","10m","v1_default","3","warm",91,10000000,230000000,1113878
"Q6","10m","v1_default","4","cold",100,10000000,230000000,1223470
"Q6","10m","v1_default","4","warm",105,10000000,230000000,1148319
"Q6","10m","v1_default","5","cold",102,10000000,230000000,1263536
"Q6","10m","v1_default","5","warm",96,10000000,230000000,1140595
"Q6","10m","v2_zstd","1","cold",135,10000000,230000000,1567359
"Q6","10m","v2_zstd","1","warm",111,10000000,230000000,1403323
"Q6","10m","v2_zstd","2","cold",113,10000000,230000000,1409391
"Q6","10m","v2_zstd","2","warm",107,10000000,230000000,1353613
"Q6","10m","v2_zstd","3","cold",106,10000000,230000000,1308371
"Q6","10m","v2_zstd","3","warm",121,10000000,230000000,1389725
"Q6","10m","v2_zstd","4","cold",109,10000000,230000000,1372644
"Q6","10m","v2_zstd","4","warm",109,10000000,230000000,1297388
"Q6","10m","v2_zstd","5","cold",107,10000000,230000000,1388306
"Q6","10m","v2_zstd","5","warm",114,10000000,230000000,1448512
"Q6","10m","v3_percolumn","1","cold",151,10000000,230000000,1705629
"Q6","10m","v3_percolumn","1","warm",119,10000000,230000000,1464062
"Q6","10m","v3_percolumn","2","cold",123,10000000,230000000,1576025
"Q6","10m","v3_percolumn","2","warm",126,10000000,230000000,1597219
"Q6","10m","v3_percolumn","3","cold",131,10000000,230000000,1624636
"Q6","10m","v3_percolumn","3","warm",127,10000000,230000000,1613563
"Q6","10m","v3_percolumn","4","cold",130,10000000,230000000,1580823
"Q6","10m","v3_percolumn","4","warm",119,10000000,230000000,1485464
"Q6","10m","v3_percolumn","5","cold",118,10000000,230000000,1510850
"Q6","10m","v3_percolumn","5","warm",120,10000000,230000000,1463594
"Q6","10m","v4_percolumn_zstd","1","cold",135,10000000,230000000,1549680
"Q6","10m","v4_percolumn_zstd","1","warm",116,10000000,230000000,1378186
"Q6","10m","v4_percolumn_zstd","2","cold",113,10000000,230000000,1394228
"Q6","10m","v4_percolumn_zstd","2","warm",130,10000000,230000000,1507290
"Q6","10m","v4_percolumn_zstd","3","cold",111,10000000,230000000,1388132
"Q6","10m","v4_percolumn_zstd","3","warm",121,10000000,230000000,1411058
"Q6","10m","v4_percolumn_zstd","4","cold",113,10000000,230000000,1418459
"Q6","10m","v4_percolumn_zstd","4","warm",108,10000000,230000000,1370814
"Q6","10m","v4_percolumn_zstd","5","cold",113,10000000,230000000,1479095
"Q6","10m","v4_percolumn_zstd","5","warm",117,10000000,230000000,1316414
"Q6","10m","v5_aggressive","1","cold",135,10000000,230000000,1544586
"Q6","10m","v5_aggressive","1","warm",109,10000000,230000000,1364354
"Q6","10m","v5_aggressive","2","cold",119,10000000,230000000,1390742
"Q6","10m","v5_aggressive","2","warm",108,10000000,230000000,1355695
"Q6","10m","v5_aggressive","3","cold",137,10000000,230000000,1585648
"Q6","10m","v5_aggressive","3","warm",133,10000000,230000000,1522213
"Q6","10m","v5_aggressive","4","cold",116,10000000,230000000,1364711
"Q6","10m","v5_aggressive","4","warm",125,10000000,230000000,1391822
"Q6","10m","v5_aggressive","5","cold",118,10000000,230000000,1440674
"Q6","10m","v5_aggressive","5","warm",121,10000000,230000000,1466115
"Q6","1m","v1_default","1","cold",36,1000000,23000000,198302
"Q6","1m","v1_default","1","warm",32,1000000,23000000,187947
"Q6","1m","v1_default","2","cold",62,1000000,23000000,213945
"Q6","1m","v1_default","2","warm",59,1000000,23000000,232001
"Q6","1m","v1_default","3","cold",33,1000000,23000000,196146
"Q6","1m","v1_default","3","warm",28,1000000,23000000,127342
"Q6","1m","v1_default","4","cold",36,1000000,23000000,179166
"Q6","1m","v1_default","4","warm",31,1000000,23000000,182003
"Q6","1m","v1_default","5","cold",29,1000000,23000000,179810
"Q6","1m","v1_default","5","warm",33,1000000,23000000,175669
"Q6","1m","v2_zstd","1","cold",37,1000000,23000000,210553
"Q6","1m","v2_zstd","1","warm",47,1000000,23000000,217950
"Q6","1m","v2_zstd","2","cold",39,1000000,23000000,225890
"Q6","1m","v2_zstd","2","warm",33,1000000,23000000,192509
"Q6","1m","v2_zstd","3","cold",21,1000000,23000000,157208
"Q6","1m","v2_zstd","3","warm",37,1000000,23000000,193961
"Q6","1m","v2_zstd","4","cold",37,1000000,23000000,197422
"Q6","1m","v2_zstd","4","warm",36,1000000,23000000,200856
"Q6","1m","v2_zstd","5","cold",44,1000000,23000000,199899
"Q6","1m","v2_zstd","5","warm",23,1000000,23000000,151865
"Q6","1m","v3_percolumn","1","cold",28,1000000,23000000,175371
"Q6","1m","v3_percolumn","1","warm",22,1000000,23000000,152154
"Q6","1m","v3_percolumn","2","cold",22,1000000,23000000,161576
"Q6","1m","v3_percolumn","2","warm",22,1000000,23000000,158931
"Q6","1m","v3_percolumn","3","cold",32,1000000,23000000,177940
"Q6","1m","v3_percolumn","3","warm",23,1000000,23000000,176765
"Q6","1m","v3_percolumn","4","cold",24,1000000,23000000,164667
"Q6","1m","v3_percolumn","4","warm",32,1000000,23000000,182954
"Q6","1m","v3_percolumn","5","cold",24,1000000,23000000,184757
"Q6","1m","v3_percolumn","5","warm",23,1000000,23000000,172293
"Q6","1m","v4_percolumn_zstd","1","cold",27,1000000,23000000,175458
"Q6","1m","v4_percolumn_zstd","1","warm",27,1000000,23000000,165757
"Q6","1m","v4_percolumn_zstd","2","cold",26,1000000,23000000,181625
"Q6","1m","v4_percolumn_zstd","2","warm",33,1000000,23000000,204282
"Q6","1m","v4_percolumn_zstd","3","cold",23,1000000,23000000,166939
"Q6","1m","v4_percolumn_zstd","3","warm",25,1000000,23000000,171851
"Q6","1m","v4_percolumn_zstd","4","cold",24,1000000,23000000,177796
"Q6","1m","v4_percolumn_zstd","4","warm",22,1000000,23000000,141731
"Q6","1m","v4_percolumn_zstd","5","cold",30,1000000,23000000,173272
"Q6","1m","v4_percolumn_zstd","5","warm",25,1000000,23000000,148725
"Q6","1m","v5_aggressive","1","cold",27,1000000,23000000,175215
"Q6","1m","v5_aggressive","1","warm",22,1000000,23000000,155921
"Q6","1m","v5_aggressive","2","cold",25,1000000,23000000,187386
"Q6","1m","v5_aggressive","2","warm",24,1000000,23000000,167590
"Q6","1m","v5_aggressive","3","cold",19,1000000,23000000,152858
"Q6","1m","v5_aggressive","3","warm",23,1000000,23000000,157297
"Q6","1m","v5_aggressive","4","cold",24,1000000,23000000,177335
"Q6","1m","v5_aggressive","4","warm",20,1000000,23000000,148563
"Q6","1m","v5_aggressive","5","cold",25,1000000,23000000,187344
"Q6","1m","v5_aggressive","5","warm",32,1000000,23000000,161642
"Q6","500m","v1_default","1","cold",5437,500000000,11500000000,64643439
"Q6","500m","v1_default","1","warm",3640,500000000,11500000000,51138478
"Q6","500m","v1_default","2","cold",3712,500000000,11500000000,52073325
"Q6","500m","v1_default","2","warm",3838,500000000,11500000000,53433334
"Q6","500m","v1_default","3","cold",3969,500000000,11500000000,55012045
"Q6","500m","v1_default","3","warm",3826,500000000,11500000000,52234709
"Q6","500m","v1_default","4","cold",4195,500000000,11500000000,56383542
"Q6","500m","v1_default","4","warm",4204,500000000,11500000000,53980932
"Q6","500m","v1_default","5","cold",4386,500000000,11500000000,55252361
"Q6","500m","v1_default","5","warm",3791,500000000,11500000000,52358727
"Q6","500m","v2_zstd","1","cold",5686,500000000,11500000000,69193642
"Q6","500m","v2_zstd","1","warm",4868,500000000,11500000000,61392878
"Q6","500m","v2_zstd","2","cold",4780,500000000,11500000000,63820680
"Q6","500m","v2_zstd","2","warm",4277,500000000,11500000000,60878680
"Q6","500m","v2_zstd","3","cold",4196,500000000,11500000000,61223446
"Q6","500m","v2_zstd","3","warm",4214,500000000,11500000000,62086090
"Q6","500m","v2_zstd","4","cold",4003,500000000,11500000000,59580429
"Q6","500m","v2_zstd","4","warm",4104,500000000,11500000000,60714849
"Q6","500m","v2_zstd","5","cold",4061,500000000,11500000000,60311961
"Q6","500m","v2_zstd","5","warm",4197,500000000,11500000000,61411882
"Q6","500m","v3_percolumn","1","cold",5376,500000000,11500000000,75997817
"Q6","500m","v3_percolumn","1","warm",4675,500000000,11500000000,68849074
"Q6","500m","v3_percolumn","2","cold",4762,500000000,11500000000,70439611
"Q6","500m","v3_percolumn","2","warm",4861,500000000,11500000000,71747128
"Q6","500m","v3_percolumn","3","cold",4616,500000000,11500000000,68020837
"Q6","500m","v3_percolumn","3","warm",4308,500000000,11500000000,65860791
"Q6","500m","v3_percolumn","4","cold",4278,500000000,11500000000,65442830
"Q6","500m","v3_percolumn","4","warm",4181,500000000,11500000000,63902294
"Q6","500m","v3_percolumn","5","cold",4822,500000000,11500000000,72532121
"Q6","500m","v3_percolumn","5","warm",4436,500000000,11500000000,67477118
"Q6","500m","v4_percolumn_zstd","1","cold",5079,500000000,11500000000,72468351
"Q6","500m","v4_percolumn_zstd","1","warm",4422,500000000,11500000000,65891816
"Q6","500m","v4_percolumn_zstd","2","cold",4196,500000000,11500000000,62993261
"Q6","500m","v4_percolumn_zstd","2","warm",4326,500000000,11500000000,64896975
"Q6","500m","v4_percolumn_zstd","3","cold",4494,500000000,11500000000,65475249
"Q6","500m","v4_percolumn_zstd","3","warm",4296,500000000,11500000000,62770477
"Q6","500m","v4_percolumn_zstd","4","cold",4412,500000000,11500000000,64426576
"Q6","500m","v4_percolumn_zstd","4","warm",4398,500000000,11500000000,64161696
"Q6","500m","v4_percolumn_zstd","5","cold",3981,500000000,11500000000,62240052
"Q6","500m","v4_percolumn_zstd","5","warm",4135,500000000,11500000000,64946880
"Q6","500m","v5_aggressive","1","cold",4601,500000000,11500000000,68973342
"Q6","500m","v5_aggressive","1","warm",4015,500000000,11500000000,62965513
"Q6","500m","v5_aggressive","2","cold",3911,500000000,11500000000,61295725
"Q6","500m","v5_aggressive","2","warm",3967,500000000,11500000000,61741055
"Q6","500m","v5_aggressive","3","cold",4098,500000000,11500000000,64615495
"Q6","500m","v5_aggressive","3","warm",3995,500000000,11500000000,62798537
"Q6","500m","v5_aggressive","4","cold",4067,500000000,11500000000,63650079
"Q6","500m","v5_aggressive","4","warm",3920,500000000,11500000000,61631254
