model,question_id,tier,run,tokens_in,tokens_out,cost_usd,latency_ms,error,sql_length
claude-opus-4.6,t1_01,1,1,449,8,0.002445,2383.3,,26
claude-opus-4.6,t1_01,1,2,449,8,0.002445,2209.3,,26
claude-opus-4.6,t1_01,1,3,449,8,0.002445,1981.5,,26
claude-opus-4.6,t1_02,1,1,449,23,0.00282,2209.3,,53
claude-opus-4.6,t1_02,1,2,449,23,0.00282,1342.1,,53
claude-opus-4.6,t1_02,1,3,449,23,0.00282,2139.3,,53
claude-opus-4.6,t1_03,1,1,450,28,0.00295,1754.3,,61
claude-opus-4.6,t1_03,1,2,450,28,0.00295,1802.3,,61
claude-opus-4.6,t1_03,1,3,450,28,0.00295,2316.3,,61
claude-opus-4.6,t1_04,1,1,446,11,0.002505,1552.4,,38
claude-opus-4.6,t1_04,1,2,446,16,0.00263,2100.8,,38
claude-opus-4.6,t1_04,1,3,446,11,0.002505,1859.7,,38
claude-opus-4.6,t1_05,1,1,447,20,0.002735,2313.9,,47
claude-opus-4.6,t1_05,1,2,447,20,0.002735,1524.3,,47
claude-opus-4.6,t1_05,1,3,447,20,0.002735,2551.9,,47
claude-opus-4.6,t1_06,1,1,457,34,0.003135,2274.6,,81
claude-opus-4.6,t1_06,1,2,457,32,0.003085,2295.7,,77
claude-opus-4.6,t1_06,1,3,457,34,0.003135,1489.1,,81
claude-opus-4.6,t1_07,1,1,452,20,0.00276,1663.6,,44
claude-opus-4.6,t1_07,1,2,452,20,0.00276,2213.2,,44
claude-opus-4.6,t1_07,1,3,452,20,0.00276,2248.0,,44
claude-opus-4.6,t1_08,1,1,449,24,0.002845,1647.0,,71
claude-opus-4.6,t1_08,1,2,449,24,0.002845,2210.9,,71
claude-opus-4.6,t1_08,1,3,449,24,0.002845,1776.2,,71
claude-opus-4.6,t1_09,1,1,455,51,0.00355,2576.8,,121
claude-opus-4.6,t1_09,1,2,455,51,0.00355,2298.0,,121
claude-opus-4.6,t1_09,1,3,455,51,0.00355,1620.2,,121
claude-opus-4.6,t1_10,1,1,452,20,0.00276,2477.1,,56
claude-opus-4.6,t1_10,1,2,452,20,0.00276,1392.9,,56
claude-opus-4.6,t1_10,1,3,452,20,0.00276,2068.3,,56
claude-opus-4.6,t2_01,2,1,453,28,0.002965,2049.0,,83
claude-opus-4.6,t2_01,2,2,453,28,0.002965,2499.9,,83
claude-opus-4.6,t2_01,2,3,453,28,0.002965,2261.4,,83
claude-opus-4.6,t2_02,2,1,451,47,0.00343,2824.5,,138
claude-opus-4.6,t2_02,2,2,451,47,0.00343,2761.8,,138
claude-opus-4.6,t2_02,2,3,451,47,0.00343,2631.1,,138
claude-opus-4.6,t2_03,2,1,453,61,0.00379,2908.0,,162
claude-opus-4.6,t2_03,2,2,453,61,0.00379,2665.5,,162
claude-opus-4.6,t2_03,2,3,453,61,0.00379,2784.1,,162
claude-opus-4.6,t2_04,2,1,451,41,0.00328,2661.6,,120
claude-opus-4.6,t2_04,2,2,451,41,0.00328,1419.7,,120
claude-opus-4.6,t2_04,2,3,451,41,0.00328,2805.5,,120
claude-opus-4.6,t2_05,2,1,451,51,0.00353,2627.4,,125
claude-opus-4.6,t2_05,2,2,451,35,0.00313,1585.4,,96
claude-opus-4.6,t2_05,2,3,451,35,0.00313,1632.9,,96
claude-opus-4.6,t2_06,2,1,456,27,0.002955,2183.6,,65
claude-opus-4.6,t2_06,2,2,456,27,0.002955,1625.4,,65
claude-opus-4.6,t2_06,2,3,456,27,0.002955,1625.3,,65
claude-opus-4.6,t2_07,2,1,450,59,0.003725,2616.2,,168
claude-opus-4.6,t2_07,2,2,450,59,0.003725,2204.7,,168
claude-opus-4.6,t2_07,2,3,450,59,0.003725,1861.4,,168
claude-opus-4.6,t2_08,2,1,452,32,0.00306,1700.5,,96
claude-opus-4.6,t2_08,2,2,452,32,0.00306,1495.0,,96
claude-opus-4.6,t2_08,2,3,452,32,0.00306,1710.5,,96
claude-opus-4.6,t2_09,2,1,454,47,0.003445,2648.4,,152
claude-opus-4.6,t2_09,2,2,454,47,0.003445,2895.6,,152
claude-opus-4.6,t2_09,2,3,454,47,0.003445,2885.0,,152
claude-opus-4.6,t2_10,2,1,454,65,0.003895,1888.8,,174
claude-opus-4.6,t2_10,2,2,454,65,0.003895,2328.9,,174
claude-opus-4.6,t2_10,2,3,454,65,0.003895,3264.5,,174
claude-opus-4.6,t3_01,3,1,451,23,0.00283,2604.5,,67
claude-opus-4.6,t3_01,3,2,451,23,0.00283,1581.6,,67
claude-opus-4.6,t3_01,3,3,451,23,0.00283,1624.1,,67
claude-opus-4.6,t3_02,3,1,452,15,0.002635,1382.9,,37
claude-opus-4.6,t3_02,3,2,452,15,0.002635,1283.4,,37
claude-opus-4.6,t3_02,3,3,452,15,0.002635,2603.1,,37
claude-opus-4.6,t3_03,3,1,454,25,0.002895,3331.1,,62
claude-opus-4.6,t3_03,3,2,454,25,0.002895,1515.9,,62
claude-opus-4.6,t3_03,3,3,454,25,0.002895,1471.8,,62
claude-opus-4.6,t3_04,3,1,463,37,0.00324,2603.0,,107
claude-opus-4.6,t3_04,3,2,463,37,0.00324,2502.1,,107
claude-opus-4.6,t3_04,3,3,463,37,0.00324,1587.0,,107
claude-opus-4.6,t3_05,3,1,463,38,0.003265,3218.4,,108
claude-opus-4.6,t3_05,3,2,463,38,0.003265,1843.1,,108
claude-opus-4.6,t3_05,3,3,463,38,0.003265,2257.2,,108
claude-opus-4.6,t3_06,3,1,456,24,0.00288,1372.4,,45
claude-opus-4.6,t3_06,3,2,456,24,0.00288,1972.5,,45
claude-opus-4.6,t3_06,3,3,456,24,0.00288,2650.2,,45
claude-opus-4.6,t3_07,3,1,459,79,0.00427,2702.3,,207
claude-opus-4.6,t3_07,3,2,459,79,0.00427,2637.9,,207
claude-opus-4.6,t3_07,3,3,459,79,0.00427,2858.6,,207
claude-opus-4.6,t3_08,3,1,458,32,0.00309,2459.0,,82
claude-opus-4.6,t3_08,3,2,458,32,0.00309,2271.9,,82
claude-opus-4.6,t3_08,3,3,458,32,0.00309,2285.0,,82
claude-opus-4.6,t3_09,3,1,454,24,0.00287,1268.1,,65
claude-opus-4.6,t3_09,3,2,454,24,0.00287,2192.6,,65
claude-opus-4.6,t3_09,3,3,454,24,0.00287,5073.7,,65
claude-opus-4.6,t3_10,3,1,460,31,0.003075,3094.8,,68
claude-opus-4.6,t3_10,3,2,460,31,0.003075,2316.3,,68
claude-opus-4.6,t3_10,3,3,460,31,0.003075,1485.4,,68
claude-opus-4.6,t4_01,4,1,459,112,0.005095,2238.8,,252
claude-opus-4.6,t4_01,4,2,459,112,0.005095,3501.6,,252
claude-opus-4.6,t4_01,4,3,459,112,0.005095,3080.9,,252
claude-opus-4.6,t4_02,4,1,447,52,0.003535,2635.2,,131
claude-opus-4.6,t4_02,4,2,447,52,0.003535,1813.0,,131
claude-opus-4.6,t4_02,4,3,447,52,0.003535,2492.2,,131
claude-opus-4.6,t4_03,4,1,449,44,0.003345,2875.9,,97
claude-opus-4.6,t4_03,4,2,449,44,0.003345,2202.2,,97
claude-opus-4.6,t4_03,4,3,449,44,0.003345,2916.7,,97
claude-opus-4.6,t4_04,4,1,461,103,0.00488,2969.8,,272
claude-opus-4.6,t4_04,4,2,461,103,0.00488,2787.0,,272
claude-opus-4.6,t4_04,4,3,461,103,0.00488,1953.8,,272
claude-opus-4.6,t4_05,4,1,455,63,0.00385,2947.9,,190
claude-opus-4.6,t4_05,4,2,455,63,0.00385,1798.1,,190
claude-opus-4.6,t4_05,4,3,455,63,0.00385,1653.3,,190
claude-opus-4.6,t4_06,4,1,459,41,0.00332,2337.2,,105
claude-opus-4.6,t4_06,4,2,459,41,0.00332,2515.2,,105
claude-opus-4.6,t4_06,4,3,459,41,0.00332,1523.2,,105
claude-opus-4.6,t4_07,4,1,454,72,0.00407,2995.6,,164
claude-opus-4.6,t4_07,4,2,454,72,0.00407,2274.4,,164
claude-opus-4.6,t4_07,4,3,454,72,0.00407,1972.2,,164
claude-opus-4.6,t4_08,4,1,458,103,0.004865,2886.5,,241
claude-opus-4.6,t4_08,4,2,458,103,0.004865,2344.3,,241
claude-opus-4.6,t4_08,4,3,458,103,0.004865,3026.4,,241
claude-opus-4.6,t4_09,4,1,455,44,0.003375,2438.1,,117
claude-opus-4.6,t4_09,4,2,455,44,0.003375,2769.6,,117
claude-opus-4.6,t4_09,4,3,455,44,0.003375,2467.1,,117
claude-opus-4.6,t4_10,4,1,453,99,0.00474,2430.0,,286
claude-opus-4.6,t4_10,4,2,453,99,0.00474,2164.6,,286
claude-opus-4.6,t4_10,4,3,453,99,0.00474,2398.6,,286
claude-opus-4.6,t5_01,5,1,456,47,0.003455,1532.5,,133
claude-opus-4.6,t5_01,5,2,456,47,0.003455,2667.1,,133
claude-opus-4.6,t5_01,5,3,456,39,0.003255,2275.8,,105
claude-opus-4.6,t5_02,5,1,453,102,0.004815,3461.8,,286
claude-opus-4.6,t5_02,5,2,453,102,0.004815,2941.0,,286
claude-opus-4.6,t5_02,5,3,453,102,0.004815,4841.4,,286
claude-opus-4.6,t5_03,5,1,458,105,0.004915,2638.7,,287
claude-opus-4.6,t5_03,5,2,458,105,0.004915,3577.7,,287
claude-opus-4.6,t5_03,5,3,458,105,0.004915,3954.4,,287
claude-opus-4.6,t5_04,5,1,453,40,0.003265,1521.5,,108
claude-opus-4.6,t5_04,5,2,453,55,0.00364,2529.8,,138
claude-opus-4.6,t5_04,5,3,453,55,0.00364,2662.8,,138
claude-opus-4.6,t5_05,5,1,459,122,0.005345,3509.9,,361
claude-opus-4.6,t5_05,5,2,459,122,0.005345,3832.9,,361
claude-opus-4.6,t5_05,5,3,459,122,0.005345,4023.9,,361
claude-opus-4.6,t5_06,5,1,460,88,0.0045,2370.3,,226
claude-opus-4.6,t5_06,5,2,460,92,0.0046,4163.9,,233
claude-opus-4.6,t5_06,5,3,460,92,0.0046,3197.5,,233
claude-opus-4.6,t5_07,5,1,454,48,0.00347,2492.9,,122
claude-opus-4.6,t5_07,5,2,454,48,0.00347,2606.2,,122
claude-opus-4.6,t5_07,5,3,454,48,0.00347,1561.8,,122
claude-opus-4.6,t5_08,5,1,451,150,0.006005,3852.5,,447
claude-opus-4.6,t5_08,5,2,451,150,0.006005,3349.0,,447
claude-opus-4.6,t5_08,5,3,451,150,0.006005,3061.7,,447
claude-opus-4.6,t5_09,5,1,467,135,0.00571,3709.4,,334
claude-opus-4.6,t5_09,5,2,467,135,0.00571,3750.5,,334
claude-opus-4.6,t5_09,5,3,467,135,0.00571,3538.5,,334
claude-opus-4.6,t5_10,5,1,470,63,0.003925,3037.8,,170
claude-opus-4.6,t5_10,5,2,470,63,0.003925,2980.5,,170
claude-opus-4.6,t5_10,5,3,470,63,0.003925,3176.7,,170
claude-opus-4,t1_01,1,1,453,8,,1807,,26
claude-opus-4,t1_01,1,2,453,8,,1335,,26
claude-opus-4,t1_01,1,3,453,8,,1682,,26
claude-opus-4,t1_02,1,1,453,23,,1591,,53
claude-opus-4,t1_02,1,2,453,23,,1005,,53
claude-opus-4,t1_02,1,3,453,23,,1883,,53
claude-opus-4,t1_03,1,1,454,28,,1211,,61
claude-opus-4,t1_03,1,2,454,28,,1766,,61
claude-opus-4,t1_03,1,3,454,28,,2349,,61
claude-opus-4,t1_04,1,1,450,11,,1790,,38
claude-opus-4,t1_04,1,2,450,11,,2312,,38
claude-opus-4,t1_04,1,3,450,11,,1950,,38
claude-opus-4,t1_05,1,1,451,16,,1292,,48
claude-opus-4,t1_05,1,2,451,16,,836,,48
claude-opus-4,t1_05,1,3,451,20,,1960,,47
claude-opus-4,t1_06,1,1,461,32,,1952,,77
claude-opus-4,t1_06,1,2,461,32,,2186,,77
claude-opus-4,t1_06,1,3,461,32,,2733,,77
claude-opus-4,t1_07,1,1,456,20,,1049,,44
claude-opus-4,t1_07,1,2,456,20,,1883,,44
claude-opus-4,t1_07,1,3,456,20,,2035,,44
claude-opus-4,t1_08,1,1,453,24,,1976,,71
claude-opus-4,t1_08,1,2,453,24,,2191,,71
claude-opus-4,t1_08,1,3,453,24,,1737,,71
claude-opus-4,t1_09,1,1,459,51,,2345,,121
claude-opus-4,t1_09,1,2,459,51,,1901,,121
claude-opus-4,t1_09,1,3,459,51,,983,,121
claude-opus-4,t1_10,1,1,456,20,,1905,,56
claude-opus-4,t1_10,1,2,456,20,,1630,,56
claude-opus-4,t1_10,1,3,456,20,,1147,,56
claude-opus-4,t2_01,2,1,457,28,,2194,,83
claude-opus-4,t2_01,2,2,457,28,,1130,,83
claude-opus-4,t2_01,2,3,457,28,,1879,,83
claude-opus-4,t2_02,2,1,455,47,,2497,,138
claude-opus-4,t2_02,2,2,455,47,,2429,,138
claude-opus-4,t2_02,2,3,455,47,,1414,,138
claude-opus-4,t2_03,2,1,457,61,,1167,,162
claude-opus-4,t2_03,2,2,457,61,,1939,,162
claude-opus-4,t2_03,2,3,457,61,,1782,,162
claude-opus-4,t2_04,2,1,455,41,,2670,,120
claude-opus-4,t2_04,2,2,455,41,,1719,,120
claude-opus-4,t2_04,2,3,455,41,,1056,,120
claude-opus-4,t2_05,2,1,455,35,,1841,,96
claude-opus-4,t2_05,2,2,455,35,,781,,96
claude-opus-4,t2_05,2,3,455,35,,1854,,96
claude-opus-4,t2_06,2,1,460,27,,1114,,65
claude-opus-4,t2_06,2,2,460,27,,2370,,65
claude-opus-4,t2_06,2,3,460,27,,808,,65
claude-opus-4,t2_07,2,1,454,59,,1129,,168
claude-opus-4,t2_07,2,2,454,59,,880,,168
claude-opus-4,t2_07,2,3,454,59,,2470,,168
claude-opus-4,t2_08,2,1,456,32,,2003,,96
claude-opus-4,t2_08,2,2,456,32,,1848,,96
claude-opus-4,t2_08,2,3,456,32,,2274,,96
claude-opus-4,t2_09,2,1,458,47,,2027,,152
claude-opus-4,t2_09,2,2,458,47,,1704,,152
claude-opus-4,t2_09,2,3,458,47,,2106,,152
claude-opus-4,t2_10,2,1,458,65,,1146,,174
claude-opus-4,t2_10,2,2,458,65,,1022,,174
claude-opus-4,t2_10,2,3,458,65,,2181,,174
claude-opus-4,t3_01,3,1,455,23,,2491,,67
claude-opus-4,t3_01,3,2,455,23,,1293,,67
claude-opus-4,t3_01,3,3,455,23,,1737,,67
claude-opus-4,t3_02,3,1,456,15,,2276,,37
claude-opus-4,t3_02,3,2,456,15,,1938,,37
claude-opus-4,t3_02,3,3,456,15,,2058,,37
claude-opus-4,t3_03,3,1,458,25,,2126,,62
claude-opus-4,t3_03,3,2,458,25,,956,,62
claude-opus-4,t3_03,3,3,458,25,,854,,62
claude-opus-4,t3_04,3,1,467,37,,1709,,107
claude-opus-4,t3_04,3,2,467,37,,1134,,107
claude-opus-4,t3_04,3,3,467,37,,2088,,107
claude-opus-4,t3_05,3,1,467,38,,997,,108
claude-opus-4,t3_05,3,2,467,38,,1435,,108
claude-opus-4,t3_05,3,3,467,38,,2236,,108
claude-opus-4,t3_06,3,1,460,24,,2265,,45
claude-opus-4,t3_06,3,2,460,24,,952,,45
claude-opus-4,t3_06,3,3,460,24,,1716,,45
claude-opus-4,t3_07,3,1,463,79,,1837,,207
claude-opus-4,t3_07,3,2,463,79,,2981,,207
claude-opus-4,t3_07,3,3,463,79,,1181,,207
claude-opus-4,t3_08,3,1,462,32,,2153,,82
claude-opus-4,t3_08,3,2,462,32,,1892,,82
claude-opus-4,t3_08,3,3,462,32,,1978,,82
claude-opus-4,t3_09,3,1,458,24,,1037,,65
claude-opus-4,t3_09,3,2,458,24,,1794,,65
claude-opus-4,t3_09,3,3,458,24,,1947,,65
claude-opus-4,t3_10,3,1,464,31,,1096,,68
claude-opus-4,t3_10,3,2,464,31,,1799,,68
claude-opus-4,t3_10,3,3,464,31,,847,,68
claude-opus-4,t4_01,4,1,463,112,,1952,,252
claude-opus-4,t4_01,4,2,463,112,,1024,,252
claude-opus-4,t4_01,4,3,463,112,,1742,,252
claude-opus-4,t4_02,4,1,451,52,,1737,,131
claude-opus-4,t4_02,4,2,451,52,,2055,,131
claude-opus-4,t4_02,4,3,451,52,,1072,,131
claude-opus-4,t4_03,4,1,453,37,,1122,,78
claude-opus-4,t4_03,4,2,453,44,,1182,,97
claude-opus-4,t4_03,4,3,453,37,,1129,,78
claude-opus-4,t4_04,4,1,465,103,,1834,,272
claude-opus-4,t4_04,4,2,465,103,,881,,272
claude-opus-4,t4_04,4,3,465,103,,2062,,272
claude-opus-4,t4_05,4,1,459,63,,1886,,190
claude-opus-4,t4_05,4,2,459,63,,1131,,190
claude-opus-4,t4_05,4,3,459,63,,1752,,190
claude-opus-4,t4_06,4,1,463,41,,2114,,105
claude-opus-4,t4_06,4,2,463,41,,1950,,105
claude-opus-4,t4_06,4,3,463,41,,2027,,105
claude-opus-4,t4_07,4,1,458,72,,1875,,165
claude-opus-4,t4_07,4,2,458,72,,1715,,164
claude-opus-4,t4_07,4,3,458,72,,1900,,164
claude-opus-4,t4_08,4,1,462,103,,2451,,241
claude-opus-4,t4_08,4,2,462,99,,953,,230
claude-opus-4,t4_08,4,3,462,94,,1694,,211
claude-opus-4,t4_09,4,1,459,44,,1841,,117
claude-opus-4,t4_09,4,2,459,44,,855,,117
claude-opus-4,t4_09,4,3,459,44,,1725,,117
claude-opus-4,t4_10,4,1,457,98,,1730,,282
claude-opus-4,t4_10,4,2,457,98,,1342,,282
claude-opus-4,t4_10,4,3,457,98,,1774,,282
claude-opus-4,t5_01,5,1,460,39,,1707,,105
claude-opus-4,t5_01,5,2,460,39,,2026,,105
claude-opus-4,t5_01,5,3,460,39,,1848,,105
claude-opus-4,t5_02,5,1,457,102,,2417,,286
claude-opus-4,t5_02,5,2,457,102,,1095,,291
claude-opus-4,t5_02,5,3,457,102,,1028,,291
claude-opus-4,t5_03,5,1,462,105,,1924,,287
claude-opus-4,t5_03,5,2,462,103,,2473,,283
claude-opus-4,t5_03,5,3,462,105,,1642,,287
claude-opus-4,t5_04,5,1,457,55,,3850,,138
claude-opus-4,t5_04,5,2,457,55,,1927,,138
claude-opus-4,t5_04,5,3,457,55,,1993,,138
claude-opus-4,t5_05,5,1,463,120,,1792,,362
claude-opus-4,t5_05,5,2,463,120,,1819,,362
claude-opus-4,t5_05,5,3,463,120,,1836,,362
claude-opus-4,t5_06,5,1,464,92,,1834,,233
claude-opus-4,t5_06,5,2,464,92,,1881,,233
claude-opus-4,t5_06,5,3,464,92,,1844,,233
claude-opus-4,t5_07,5,1,458,48,,911,,122
claude-opus-4,t5_07,5,2,458,42,,2042,,105
claude-opus-4,t5_07,5,3,458,42,,1707,,105
claude-opus-4,t5_08,5,1,455,114,,1438,,331
claude-opus-4,t5_08,5,2,455,86,,1160,,237
claude-opus-4,t5_08,5,3,455,114,,2234,,331
claude-opus-4,t5_09,5,1,471,135,,1896,,334
claude-opus-4,t5_09,5,2,471,135,,1844,,334
claude-opus-4,t5_09,5,3,471,135,,929,,334
claude-opus-4,t5_10,5,1,474,63,,1843,,170
claude-opus-4,t5_10,5,2,474,63,,2478,,170
claude-opus-4,t5_10,5,3,474,63,,2152,,170
claude-sonnet-4.5,t1_01,1,1,452,8,,1524,,26
claude-sonnet-4.5,t1_01,1,2,452,8,,1445,,26
claude-sonnet-4.5,t1_01,1,3,452,8,,873,,26
claude-sonnet-4.5,t1_02,1,1,452,23,,1388,,53
claude-sonnet-4.5,t1_02,1,2,452,23,,1318,,53
claude-sonnet-4.5,t1_02,1,3,452,23,,1428,,53
claude-sonnet-4.5,t1_03,1,1,453,32,,1390,,63
claude-sonnet-4.5,t1_03,1,2,453,32,,1108,,63
claude-sonnet-4.5,t1_03,1,3,453,32,,1517,,63
claude-sonnet-4.5,t1_04,1,1,449,16,,1362,,38
claude-sonnet-4.5,t1_04,1,2,449,16,,1386,,38
claude-sonnet-4.5,t1_04,1,3,449,16,,846,,38
claude-sonnet-4.5,t1_05,1,1,450,24,,885,,49
claude-sonnet-4.5,t1_05,1,2,450,24,,1638,,49
claude-sonnet-4.5,t1_05,1,3,450,24,,1651,,49
claude-sonnet-4.5,t1_06,1,1,460,32,,1168,,77
claude-sonnet-4.5,t1_06,1,2,460,32,,1379,,77
claude-sonnet-4.5,t1_06,1,3,460,32,,1534,,77
claude-sonnet-4.5,t1_07,1,1,455,20,,1345,,44
claude-sonnet-4.5,t1_07,1,2,455,20,,920,,44
claude-sonnet-4.5,t1_07,1,3,455,20,,1435,,44
claude-sonnet-4.5,t1_08,1,1,452,34,,1424,,92
claude-sonnet-4.5,t1_08,1,2,452,34,,1390,,92
claude-sonnet-4.5,t1_08,1,3,452,34,,1442,,92
claude-sonnet-4.5,t1_09,1,1,458,63,,1350,,139
claude-sonnet-4.5,t1_09,1,2,458,63,,1682,,139
claude-sonnet-4.5,t1_09,1,3,458,63,,1133,,139
claude-sonnet-4.5,t1_10,1,1,455,22,,2029,,56
claude-sonnet-4.5,t1_10,1,2,455,22,,1560,,56
claude-sonnet-4.5,t1_10,1,3,455,22,,1843,,56
claude-sonnet-4.5,t2_01,2,1,456,40,,1482,,108
claude-sonnet-4.5,t2_01,2,2,456,40,,1491,,108
claude-sonnet-4.5,t2_01,2,3,456,41,,1849,,109
claude-sonnet-4.5,t2_02,2,1,454,52,,1720,,147
claude-sonnet-4.5,t2_02,2,2,454,52,,1613,,147
claude-sonnet-4.5,t2_02,2,3,454,52,,1806,,147
claude-sonnet-4.5,t2_03,2,1,456,55,,941,,137
claude-sonnet-4.5,t2_03,2,2,456,55,,1684,,137
claude-sonnet-4.5,t2_03,2,3,456,55,,1402,,137
claude-sonnet-4.5,t2_04,2,1,454,26,,1608,,66
claude-sonnet-4.5,t2_04,2,2,454,26,,1060,,66
claude-sonnet-4.5,t2_04,2,3,454,26,,949,,66
claude-sonnet-4.5,t2_05,2,1,454,40,,872,,105
claude-sonnet-4.5,t2_05,2,2,454,40,,1363,,105
claude-sonnet-4.5,t2_05,2,3,454,40,,1431,,105
claude-sonnet-4.5,t2_06,2,1,459,29,,1388,,65
claude-sonnet-4.5,t2_06,2,2,459,36,,1644,,93
claude-sonnet-4.5,t2_06,2,3,459,36,,1697,,93
claude-sonnet-4.5,t2_07,2,1,453,52,,1133,,147
claude-sonnet-4.5,t2_07,2,2,453,52,,1365,,147
claude-sonnet-4.5,t2_07,2,3,453,52,,999,,147
claude-sonnet-4.5,t2_08,2,1,455,44,,1401,,120
claude-sonnet-4.5,t2_08,2,2,455,44,,1502,,120
claude-sonnet-4.5,t2_08,2,3,455,44,,1332,,120
claude-sonnet-4.5,t2_09,2,1,457,52,,1365,,161
claude-sonnet-4.5,t2_09,2,2,457,52,,1392,,161
claude-sonnet-4.5,t2_09,2,3,457,52,,921,,161
claude-sonnet-4.5,t2_10,2,1,457,47,,1471,,127
claude-sonnet-4.5,t2_10,2,2,457,47,,2017,,127
claude-sonnet-4.5,t2_10,2,3,457,47,,955,,127
claude-sonnet-4.5,t3_01,3,1,454,37,,1345,,97
claude-sonnet-4.5,t3_01,3,2,454,37,,1539,,97
claude-sonnet-4.5,t3_01,3,3,454,37,,964,,97
claude-sonnet-4.5,t3_02,3,1,455,18,,1454,,32
claude-sonnet-4.5,t3_02,3,2,455,18,,1347,,32
claude-sonnet-4.5,t3_02,3,3,455,18,,1386,,32
claude-sonnet-4.5,t3_03,3,1,457,25,,1599,,62
claude-sonnet-4.5,t3_03,3,2,457,25,,1414,,62
claude-sonnet-4.5,t3_03,3,3,457,25,,1479,,62
claude-sonnet-4.5,t3_04,3,1,466,35,,1408,,97
claude-sonnet-4.5,t3_04,3,2,466,35,,1503,,97
claude-sonnet-4.5,t3_04,3,3,466,35,,1604,,97
claude-sonnet-4.5,t3_05,3,1,466,38,,858,,108
claude-sonnet-4.5,t3_05,3,2,466,38,,1404,,108
claude-sonnet-4.5,t3_05,3,3,466,38,,1387,,108
claude-sonnet-4.5,t3_06,3,1,459,24,,1333,,45
claude-sonnet-4.5,t3_06,3,2,459,24,,1373,,45
claude-sonnet-4.5,t3_06,3,3,459,24,,1344,,45
claude-sonnet-4.5,t3_07,3,1,462,80,,870,,208
claude-sonnet-4.5,t3_07,3,2,462,80,,880,,208
claude-sonnet-4.5,t3_07,3,3,462,80,,2062,,208
claude-sonnet-4.5,t3_08,3,1,461,30,,1342,,75
claude-sonnet-4.5,t3_08,3,2,461,30,,1311,,75
claude-sonnet-4.5,t3_08,3,3,461,30,,1399,,75
claude-sonnet-4.5,t3_09,3,1,457,47,,1729,,152
claude-sonnet-4.5,t3_09,3,2,457,47,,1242,,152
claude-sonnet-4.5,t3_09,3,3,457,47,,1863,,152
claude-sonnet-4.5,t3_10,3,1,463,38,,1556,,85
claude-sonnet-4.5,t3_10,3,2,463,39,,1781,,81
claude-sonnet-4.5,t3_10,3,3,463,38,,847,,85
claude-sonnet-4.5,t4_01,4,1,462,112,,878,,252
claude-sonnet-4.5,t4_01,4,2,462,112,,929,,252
claude-sonnet-4.5,t4_01,4,3,462,111,,1327,,247
claude-sonnet-4.5,t4_02,4,1,450,60,,1389,,147
claude-sonnet-4.5,t4_02,4,2,450,60,,904,,147
claude-sonnet-4.5,t4_02,4,3,450,60,,1366,,147
claude-sonnet-4.5,t4_03,4,1,452,44,,1351,,123
claude-sonnet-4.5,t4_03,4,2,452,44,,1365,,123
claude-sonnet-4.5,t4_03,4,3,452,44,,1841,,123
claude-sonnet-4.5,t4_04,4,1,464,110,,1410,,285
claude-sonnet-4.5,t4_04,4,2,464,110,,1429,,285
claude-sonnet-4.5,t4_04,4,3,464,110,,1376,,285
claude-sonnet-4.5,t4_05,4,1,458,171,,1409,,452
claude-sonnet-4.5,t4_05,4,2,458,171,,1053,,452
claude-sonnet-4.5,t4_05,4,3,458,173,,1345,,453
claude-sonnet-4.5,t4_06,4,1,462,41,,1493,,105
claude-sonnet-4.5,t4_06,4,2,462,41,,1389,,105
claude-sonnet-4.5,t4_06,4,3,462,41,,929,,105
claude-sonnet-4.5,t4_07,4,1,457,98,,1362,,247
claude-sonnet-4.5,t4_07,4,2,457,98,,1426,,247
claude-sonnet-4.5,t4_07,4,3,457,92,,1378,,231
claude-sonnet-4.5,t4_08,4,1,461,84,,1506,,191
claude-sonnet-4.5,t4_08,4,2,461,80,,861,,180
claude-sonnet-4.5,t4_08,4,3,461,80,,1379,,180
claude-sonnet-4.5,t4_09,4,1,458,36,,1436,,91
claude-sonnet-4.5,t4_09,4,2,458,36,,1349,,91
claude-sonnet-4.5,t4_09,4,3,458,36,,854,,91
claude-sonnet-4.5,t4_10,4,1,456,106,,1420,,295
claude-sonnet-4.5,t4_10,4,2,456,106,,1002,,295
claude-sonnet-4.5,t4_10,4,3,456,106,,1486,,295
claude-sonnet-4.5,t5_01,5,1,459,61,,1351,,171
claude-sonnet-4.5,t5_01,5,2,459,61,,1523,,171
claude-sonnet-4.5,t5_01,5,3,459,61,,1432,,171
claude-sonnet-4.5,t5_02,5,1,456,74,,1108,,205
claude-sonnet-4.5,t5_02,5,2,456,74,,1408,,205
claude-sonnet-4.5,t5_02,5,3,456,74,,868,,205
claude-sonnet-4.5,t5_03,5,1,461,66,,1428,,189
claude-sonnet-4.5,t5_03,5,2,461,71,,1285,,194
claude-sonnet-4.5,t5_03,5,3,461,71,,1805,,194
claude-sonnet-4.5,t5_04,5,1,456,52,,1174,,129
claude-sonnet-4.5,t5_04,5,2,456,52,,1559,,129
claude-sonnet-4.5,t5_04,5,3,456,52,,1012,,129
claude-sonnet-4.5,t5_05,5,1,462,102,,1379,,296
claude-sonnet-4.5,t5_05,5,2,462,102,,1434,,296
claude-sonnet-4.5,t5_05,5,3,462,102,,1550,,296
claude-sonnet-4.5,t5_06,5,1,463,107,,1361,,262
claude-sonnet-4.5,t5_06,5,2,463,107,,1499,,262
claude-sonnet-4.5,t5_06,5,3,463,107,,1396,,262
claude-sonnet-4.5,t5_07,5,1,457,64,,1372,,175
claude-sonnet-4.5,t5_07,5,2,457,64,,1398,,175
claude-sonnet-4.5,t5_07,5,3,457,64,,1419,,175
claude-sonnet-4.5,t5_08,5,1,454,88,,1022,,254
claude-sonnet-4.5,t5_08,5,2,454,88,,1008,,254
claude-sonnet-4.5,t5_08,5,3,454,88,,1341,,254
claude-sonnet-4.5,t5_09,5,1,470,138,,1215,,340
claude-sonnet-4.5,t5_09,5,2,470,138,,1931,,340
claude-sonnet-4.5,t5_09,5,3,470,138,,1490,,340
claude-sonnet-4.5,t5_10,5,1,473,45,,1620,,111
claude-sonnet-4.5,t5_10,5,2,473,45,,1818,,111
claude-sonnet-4.5,t5_10,5,3,473,45,,1511,,111
deepseek-v3.2,t1_01,1,1,369,6,9.822e-05,2366.8,,27
deepseek-v3.2,t1_01,1,2,369,6,0.000101661,2055.8,,28
deepseek-v3.2,t1_01,1,3,369,10,9.974e-05,2343.8,,27
deepseek-v3.2,t1_02,1,1,368,19,7.474e-05,2009.0,,54
deepseek-v3.2,t1_02,1,2,368,17,7.398e-05,2583.0,,54
deepseek-v3.2,t1_02,1,3,368,17,0.00010214,2628.3,,54
deepseek-v3.2,t1_03,1,1,370,48,0.00011444,2551.0,,122
deepseek-v3.2,t1_03,1,2,370,31,7.982e-05,2942.7,,88
deepseek-v3.2,t1_03,1,3,370,31,0.00010798,2799.3,,89
deepseek-v3.2,t1_04,1,1,366,16,7.308e-05,2511.1,,59
deepseek-v3.2,t1_04,1,2,366,13,0.0001001,2632.8,,39
deepseek-v3.2,t1_04,1,3,366,12,9.972e-05,1651.8,,39
deepseek-v3.2,t1_05,1,1,367,16,0.0001015,2011.5,,63
deepseek-v3.2,t1_05,1,2,367,20,7.486e-05,1962.6,,64
deepseek-v3.2,t1_05,1,3,367,15,0.00010112,1974.8,,49
deepseek-v3.2,t1_06,1,1,376,24,7.872e-05,2571.4,,77
deepseek-v3.2,t1_06,1,2,376,24,7.872e-05,2634.9,,78
deepseek-v3.2,t1_06,1,3,376,26,0.00010764,2213.2,,78
deepseek-v3.2,t1_07,1,1,371,11,0.00010064,1770.7,,45
deepseek-v3.2,t1_07,1,2,371,11,0.00010064,2488.2,,45
deepseek-v3.2,t1_07,1,3,371,11,0.00010064,2235.9,,45
deepseek-v3.2,t1_08,1,1,369,23,0.00010468,2507.1,,84
deepseek-v3.2,t1_08,1,2,369,25,0.00010544,2777.6,,92
deepseek-v3.2,t1_08,1,3,369,25,7.728e-05,2150.0,,92
deepseek-v3.2,t1_09,1,1,373,56,9.01e-05,3282.6,,140
deepseek-v3.2,t1_09,1,2,373,44,8.554e-05,2553.3,,122
deepseek-v3.2,t1_09,1,3,373,56,0.00011826,2669.2,,140
deepseek-v3.2,t1_10,1,1,371,12,7.286e-05,2089.0,,57
deepseek-v3.2,t1_10,1,2,371,17,0.00010292,3071.2,,57
deepseek-v3.2,t1_10,1,3,371,17,0.00010292,2972.6,,57
deepseek-v3.2,t2_01,2,1,372,25,0.00010622,2639.2,,100
deepseek-v3.2,t2_01,2,2,372,31,0.0001085,2167.1,,109
deepseek-v3.2,t2_01,2,3,372,25,7.806e-05,2279.6,,101
deepseek-v3.2,t2_02,2,1,370,29,7.906e-05,2306.8,,109
deepseek-v3.2,t2_02,2,2,370,39,0.00011102,2418.7,,134
deepseek-v3.2,t2_02,2,3,370,39,8.286e-05,2655.2,,134
deepseek-v3.2,t2_03,2,1,373,51,8.82e-05,2792.9,,164
deepseek-v3.2,t2_03,2,2,373,68,9.466e-05,2777.3,,184
deepseek-v3.2,t2_03,2,3,373,64,9.314e-05,3299.3,,177
deepseek-v3.2,t2_04,2,1,370,30,0.0001076,2145.4,,94
deepseek-v3.2,t2_04,2,2,370,30,0.0001076,2262.4,,93
deepseek-v3.2,t2_04,2,3,370,36,0.00010988,2891.9,,118
deepseek-v3.2,t2_05,2,1,371,39,0.00011128,2276.5,,126
deepseek-v3.2,t2_05,2,2,371,39,8.312e-05,2683.6,,127
deepseek-v3.2,t2_05,2,3,371,39,8.312e-05,2393.0,,127
deepseek-v3.2,t2_06,2,1,374,20,7.668e-05,2165.8,,66
deepseek-v3.2,t2_06,2,2,374,20,0.00010484,2163.3,,66
deepseek-v3.2,t2_06,2,3,374,20,7.668e-05,1983.1,,66
deepseek-v3.2,t2_07,2,1,370,55,8.894e-05,2912.5,,171
deepseek-v3.2,t2_07,2,2,370,56,8.932e-05,2830.4,,172
deepseek-v3.2,t2_07,2,3,370,70,9.464e-05,3502.1,,195
deepseek-v3.2,t2_08,2,1,372,37,0.00011078,2460.0,,127
deepseek-v3.2,t2_08,2,2,372,36,0.0001104,2529.1,,127
deepseek-v3.2,t2_08,2,3,372,28,0.00010736,3179.2,,107
deepseek-v3.2,t2_09,2,1,374,44,0.00011396,2667.9,,153
deepseek-v3.2,t2_09,2,2,374,39,0.00011206,2434.0,,136
deepseek-v3.2,t2_09,2,3,374,47,8.694e-05,2657.6,,162
deepseek-v3.2,t2_10,2,1,0,0,,0,"HTTP 500: {""error"":{""message"":""Internal Server Error"",""code"":500}}",0
deepseek-v3.2,t2_10,2,2,374,37,8.314e-05,2375.8,,128
deepseek-v3.2,t2_10,2,3,374,37,0.0001113,2558.3,,129
deepseek-v3.2,t3_01,3,1,370,24,0.00010532,2262.3,,91
deepseek-v3.2,t3_01,3,2,370,13,0.00010114,1893.5,,39
deepseek-v3.2,t3_01,3,3,370,13,0.00010114,2254.6,,39
deepseek-v3.2,t3_02,3,1,372,15,0.00010242,2457.5,,43
deepseek-v3.2,t3_02,3,2,372,19,0.00010394,2075.4,,67
deepseek-v3.2,t3_02,3,3,372,11,7.274e-05,2160.4,,38
deepseek-v3.2,t3_03,3,1,374,20,0.00010484,2117.7,,69
deepseek-v3.2,t3_03,3,2,374,18,7.592e-05,2231.4,,54
deepseek-v3.2,t3_03,3,3,374,17,0.0001037,2542.9,,65
deepseek-v3.2,t3_04,3,1,381,35,8.42e-05,2783.8,,118
deepseek-v3.2,t3_04,3,2,381,37,0.00011312,3073.4,,124
deepseek-v3.2,t3_04,3,3,381,32,8.306e-05,2969.8,,109
deepseek-v3.2,t3_05,3,1,380,27,8.09e-05,2305.8,,109
deepseek-v3.2,t3_05,3,2,380,29,0.00010982,2576.0,,116
deepseek-v3.2,t3_05,3,3,380,27,0.00010906,2113.9,,110
deepseek-v3.2,t3_06,3,1,375,13,7.428e-05,1783.3,,46
deepseek-v3.2,t3_06,3,2,375,14,7.466e-05,1954.9,,46
deepseek-v3.2,t3_06,3,3,375,14,0.00010282,2660.4,,45
deepseek-v3.2,t3_07,3,1,376,66,9.468e-05,3886.1,,209
deepseek-v3.2,t3_07,3,2,376,70,9.62e-05,3463.3,,219
deepseek-v3.2,t3_07,3,3,376,66,9.468e-05,2652.2,,207
deepseek-v3.2,t3_08,3,1,376,16,0.00010384,2930.3,,59
deepseek-v3.2,t3_08,3,2,376,20,0.00010536,1925.5,,59
deepseek-v3.2,t3_08,3,3,376,16,7.568e-05,1814.8,,59
deepseek-v3.2,t3_09,3,1,374,24,7.82e-05,1975.2,,97
deepseek-v3.2,t3_09,3,2,0,0,,0,"HTTP 500: {""error"":{""message"":""Internal Server Error"",""code"":500}}",0
deepseek-v3.2,t3_09,3,3,374,24,0.00010636,2199.6,,97
deepseek-v3.2,t3_10,3,1,379,22,7.874e-05,1856.5,,76
deepseek-v3.2,t3_10,3,2,379,22,0.0001069,2101.5,,76
deepseek-v3.2,t3_10,3,3,379,28,8.102e-05,2652.6,,90
deepseek-v3.2,t4_01,4,1,379,128,0.00011902,3927.9,,407
deepseek-v3.2,t4_01,4,2,379,87,0.00010344,3485.3,,282
deepseek-v3.2,t4_01,4,3,379,80,0.000133951,13922.6,,253
deepseek-v3.2,t4_02,4,1,367,56,0.0001167,3133.7,,175
deepseek-v3.2,t4_02,4,2,367,47,8.512e-05,3425.3,,146
deepseek-v3.2,t4_02,4,3,367,58,8.93e-05,2904.4,,181
deepseek-v3.2,t4_03,4,1,369,33,0.00010848,2094.4,,98
deepseek-v3.2,t4_03,4,2,369,33,8.032e-05,2526.8,,98
deepseek-v3.2,t4_03,4,3,369,33,0.00010848,2424.6,,99
deepseek-v3.2,t4_04,4,1,380,95,0.00010674,3882.8,,322
deepseek-v3.2,t4_04,4,2,380,100,0.0001368,4839.4,,343
deepseek-v3.2,t4_04,4,3,380,89,0.00010446,3593.5,,309
deepseek-v3.2,t4_05,4,1,375,74,0.00012562,3945.7,,264
deepseek-v3.2,t4_05,4,2,375,74,0.00012562,4013.0,,264
deepseek-v3.2,t4_05,4,3,375,58,0.00011954,3468.4,,203
deepseek-v3.2,t4_06,4,1,379,31,0.00011032,2336.3,,116
deepseek-v3.2,t4_06,4,2,379,28,8.102e-05,2390.5,,98
deepseek-v3.2,t4_06,4,3,379,32,8.254e-05,2374.3,,106
deepseek-v3.2,t4_07,4,1,374,725,0.00040548,39639.9,,165
deepseek-v3.2,t4_07,4,2,374,61,9.226e-05,2779.3,,182
deepseek-v3.2,t4_07,4,3,374,62,0.0001208,3489.4,,182
deepseek-v3.2,t4_08,4,1,377,139,0.00012268,4292.7,,437
deepseek-v3.2,t4_08,4,2,377,173,0.00016376,5366.6,,501
deepseek-v3.2,t4_08,4,3,377,183,0.00016756,5484.9,,579
deepseek-v3.2,t4_09,4,1,374,37,8.314e-05,2263.6,,115
deepseek-v3.2,t4_09,4,2,374,39,8.39e-05,2554.0,,126
deepseek-v3.2,t4_09,4,3,374,37,0.0001113,2117.7,,118
deepseek-v3.2,t4_10,4,1,373,45,0.00011408,2657.4,,148
deepseek-v3.2,t4_10,4,2,373,56,0.00011826,2781.7,,162
deepseek-v3.2,t4_10,4,3,373,68,9.466e-05,2803.3,,203
deepseek-v3.2,t5_01,5,1,375,53,8.948e-05,2597.4,,189
deepseek-v3.2,t5_01,5,2,375,51,0.00011688,2690.8,,179
deepseek-v3.2,t5_01,5,3,375,47,8.72e-05,2747.8,,174
deepseek-v3.2,t5_02,5,1,373,73,9.656e-05,3676.8,,229
deepseek-v3.2,t5_02,5,2,373,88,0.00013042,5463.0,,273
deepseek-v3.2,t5_02,5,3,373,88,0.00013042,3952.6,,274
deepseek-v3.2,t5_03,5,1,379,74,0.00012666,3689.9,,236
deepseek-v3.2,t5_03,5,2,379,50,0.00011754,3818.9,,168
deepseek-v3.2,t5_03,5,3,379,50,0.00011754,2687.6,,167
deepseek-v3.2,t5_04,5,1,373,45,8.592e-05,2473.6,,162
deepseek-v3.2,t5_04,5,2,373,49,8.744e-05,2959.5,,170
deepseek-v3.2,t5_04,5,3,373,49,0.0001156,3022.1,,170
deepseek-v3.2,t5_05,5,1,378,71,9.71e-05,3178.4,,257
deepseek-v3.2,t5_05,5,2,378,81,0.00012906,3324.7,,295
deepseek-v3.2,t5_05,5,3,378,78,0.00012792,2928.8,,289
deepseek-v3.2,t5_06,5,1,380,85,0.0001311,3649.7,,239
deepseek-v3.2,t5_06,5,2,380,97,0.0001075,3602.5,,253
deepseek-v3.2,t5_06,5,3,380,84,0.00013072,3291.1,,235
deepseek-v3.2,t5_07,5,1,374,27,0.0001075,2751.8,,98
deepseek-v3.2,t5_07,5,2,374,25,0.00010674,2412.6,,93
deepseek-v3.2,t5_07,5,3,374,37,8.314e-05,2796.9,,119
deepseek-v3.2,t5_08,5,1,371,69,0.00012268,3185.2,,254
deepseek-v3.2,t5_08,5,2,371,69,0.00012268,4288.7,,254
deepseek-v3.2,t5_08,5,3,371,35,8.16e-05,2136.8,,131
deepseek-v3.2,t5_09,5,1,385,94,0.00013582,4112.3,,280
deepseek-v3.2,t5_09,5,2,385,73,0.00012784,2843.1,,199
deepseek-v3.2,t5_09,5,3,385,102,0.0001107,4125.9,,326
deepseek-v3.2,t5_10,5,1,390,27,8.35e-05,1890.3,,78
deepseek-v3.2,t5_10,5,2,390,29,8.426e-05,2398.9,,86
deepseek-v3.2,t5_10,5,3,390,27,0.00011166,2714.9,,78
gemini-3-flash,t1_01,1,1,416,6,0.000226,1165.2,,27
gemini-3-flash,t1_01,1,2,418,6,0.000227,1206.0,,27
gemini-3-flash,t1_01,1,3,416,6,0.000226,1183.5,,27
gemini-3-flash,t1_02,1,1,418,13,0.000248,1116.4,,54
gemini-3-flash,t1_02,1,2,418,13,0.000248,1189.5,,54
gemini-3-flash,t1_02,1,3,418,13,0.000248,1328.5,,54
gemini-3-flash,t1_03,1,1,421,55,0.0003755,1379.2,,105
gemini-3-flash,t1_03,1,2,419,55,0.0003745,1568.2,,105
gemini-3-flash,t1_03,1,3,421,55,0.0003755,1663.7,,105
gemini-3-flash,t1_04,1,1,415,8,0.0002315,1143.5,,39
gemini-3-flash,t1_04,1,2,415,8,0.0002315,1098.9,,39
gemini-3-flash,t1_04,1,3,415,8,0.0002315,1272.6,,39
gemini-3-flash,t1_05,1,1,416,11,0.000241,1302.6,,48
gemini-3-flash,t1_05,1,2,416,11,0.000241,1230.7,,48
gemini-3-flash,t1_05,1,3,416,11,0.000241,1115.2,,48
gemini-3-flash,t1_06,1,1,422,26,0.000289,1329.2,,86
gemini-3-flash,t1_06,1,2,422,26,0.000289,1620.7,,86
gemini-3-flash,t1_06,1,3,424,26,0.00029,1480.7,,86
gemini-3-flash,t1_07,1,1,418,11,0.000242,1422.7,,44
gemini-3-flash,t1_07,1,2,418,11,0.000242,1735.8,,44
gemini-3-flash,t1_07,1,3,418,11,0.000242,1297.9,,44
gemini-3-flash,t1_08,1,1,418,26,0.000287,1230.6,,92
gemini-3-flash,t1_08,1,2,418,26,0.000287,1120.7,,92
gemini-3-flash,t1_08,1,3,418,26,0.000287,1456.1,,92
gemini-3-flash,t1_09,1,1,426,70,0.000423,11927.2,,125
gemini-3-flash,t1_09,1,2,426,70,0.000423,1481.5,,125
gemini-3-flash,t1_09,1,3,424,70,0.000422,1808.6,,125
gemini-3-flash,t1_10,1,1,419,13,0.0002485,1685.0,,57
gemini-3-flash,t1_10,1,2,419,13,0.0002485,1506.6,,57
gemini-3-flash,t1_10,1,3,421,13,0.0002495,1122.4,,57
gemini-3-flash,t2_01,2,1,421,32,0.0003065,1320.5,,108
gemini-3-flash,t2_01,2,2,421,32,0.0003065,1196.9,,108
gemini-3-flash,t2_01,2,3,419,32,0.0003055,1569.5,,108
gemini-3-flash,t2_02,2,1,418,21,0.000272,1238.8,,68
gemini-3-flash,t2_02,2,2,418,21,0.000272,1937.2,,68
gemini-3-flash,t2_02,2,3,420,21,0.000273,1196.0,,68
gemini-3-flash,t2_03,2,1,422,79,0.000448,2648.2,,181
gemini-3-flash,t2_03,2,2,422,79,0.000448,1959.7,,181
gemini-3-flash,t2_03,2,3,424,84,0.000464,1598.1,,181
gemini-3-flash,t2_04,2,1,422,29,0.000298,1135.0,,71
gemini-3-flash,t2_04,2,2,422,29,0.000298,1493.8,,71
gemini-3-flash,t2_04,2,3,422,29,0.000298,1810.0,,71
gemini-3-flash,t2_05,2,1,420,48,0.000354,1358.2,,126
gemini-3-flash,t2_05,2,2,418,43,0.000338,1490.1,,126
gemini-3-flash,t2_05,2,3,418,43,0.000338,1509.7,,126
gemini-3-flash,t2_06,2,1,422,25,0.000286,7373.1,,66
gemini-3-flash,t2_06,2,2,424,18,0.000266,1108.2,,66
gemini-3-flash,t2_06,2,3,424,18,0.000266,1287.4,,66
gemini-3-flash,t2_07,2,1,421,86,0.0004685,1764.6,,196
gemini-3-flash,t2_07,2,2,421,86,0.0004685,2171.8,,196
gemini-3-flash,t2_07,2,3,421,86,0.0004685,1517.9,,196
gemini-3-flash,t2_08,2,1,419,23,0.0002785,1404.4,,73
gemini-3-flash,t2_08,2,2,421,28,0.0002945,1266.7,,73
gemini-3-flash,t2_08,2,3,419,23,0.0002785,1731.0,,73
gemini-3-flash,t2_09,2,1,421,33,0.0003095,1538.4,,121
gemini-3-flash,t2_09,2,2,421,33,0.0003095,1704.4,,121
gemini-3-flash,t2_09,2,3,423,33,0.0003105,1253.5,,121
gemini-3-flash,t2_10,2,1,421,45,0.0003455,1686.7,,130
gemini-3-flash,t2_10,2,2,423,45,0.0003465,1276.7,,130
gemini-3-flash,t2_10,2,3,421,45,0.0003455,2874.9,,130
gemini-3-flash,t3_01,3,1,418,10,0.000239,1639.6,,39
gemini-3-flash,t3_01,3,2,420,15,0.000255,1328.4,,39
gemini-3-flash,t3_01,3,3,420,15,0.000255,1175.2,,39
gemini-3-flash,t3_02,3,1,419,12,0.0002455,1398.7,,43
gemini-3-flash,t3_02,3,2,419,12,0.0002455,1579.1,,43
gemini-3-flash,t3_02,3,3,421,17,0.0002615,2097.4,,43
gemini-3-flash,t3_03,3,1,422,17,0.000262,1396.0,,66
gemini-3-flash,t3_03,3,2,420,15,0.000255,3296.2,,62
gemini-3-flash,t3_03,3,3,420,15,0.000255,1239.9,,62
gemini-3-flash,t3_04,3,1,429,23,0.0002835,1818.8,,79
gemini-3-flash,t3_04,3,2,431,22,0.0002815,1288.9,,78
gemini-3-flash,t3_04,3,3,431,22,0.0002815,1349.9,,78
gemini-3-flash,t3_05,3,1,427,30,0.0003035,1380.0,,105
gemini-3-flash,t3_05,3,2,427,30,0.0003035,1388.2,,105
gemini-3-flash,t3_05,3,3,429,30,0.0003045,1220.2,,105
gemini-3-flash,t3_06,3,1,421,16,0.0002585,1241.9,,49
gemini-3-flash,t3_06,3,2,423,12,0.0002475,1302.8,,45
gemini-3-flash,t3_06,3,3,423,12,0.0002475,1473.4,,45
gemini-3-flash,t3_07,3,1,426,57,0.000384,1836.0,,134
gemini-3-flash,t3_07,3,2,426,57,0.000384,3002.0,,134
gemini-3-flash,t3_07,3,3,0,0,,0,"HTTP 500: {""error"":{""message"":""Internal Server Error"",""code"":500}}",0
gemini-3-flash,t3_08,3,1,426,16,0.000261,2153.1,,59
gemini-3-flash,t3_08,3,2,426,16,0.000261,1393.3,,59
gemini-3-flash,t3_08,3,3,424,16,0.00026,1421.5,,59
gemini-3-flash,t3_09,3,1,423,13,0.0002505,1209.2,,59
gemini-3-flash,t3_09,3,2,421,13,0.0002495,1261.5,,59
gemini-3-flash,t3_09,3,3,421,13,0.0002495,1556.3,,59
gemini-3-flash,t3_10,3,1,427,19,0.0002705,1387.9,,64
gemini-3-flash,t3_10,3,2,425,19,0.0002695,1759.4,,64
gemini-3-flash,t3_10,3,3,427,19,0.0002705,1176.3,,64
gemini-3-flash,t4_01,4,1,429,35,0.0003195,1257.2,,91
gemini-3-flash,t4_01,4,2,429,35,0.0003195,1335.0,,91
gemini-3-flash,t4_01,4,3,429,35,0.0003195,1255.2,,91
gemini-3-flash,t4_02,4,1,414,50,0.000357,1682.2,,126
gemini-3-flash,t4_02,4,2,414,50,0.000357,1494.4,,126
gemini-3-flash,t4_02,4,3,416,50,0.000358,1374.6,,126
gemini-3-flash,t4_03,4,1,416,33,0.000307,1728.9,,89
gemini-3-flash,t4_03,4,2,416,33,0.000307,1513.9,,89
gemini-3-flash,t4_03,4,3,416,33,0.000307,1857.5,,89
gemini-3-flash,t4_04,4,1,427,103,0.0005225,1909.4,,279
gemini-3-flash,t4_04,4,2,427,103,0.0005225,2148.4,,279
gemini-3-flash,t4_04,4,3,427,103,0.0005225,3006.6,,279
gemini-3-flash,t4_05,4,1,424,47,0.000353,1351.6,,127
gemini-3-flash,t4_05,4,2,422,42,0.000337,1940.8,,127
gemini-3-flash,t4_05,4,3,424,47,0.000353,1806.4,,127
gemini-3-flash,t4_06,4,1,425,36,0.0003205,1656.2,,117
gemini-3-flash,t4_06,4,2,425,36,0.0003205,1578.8,,117
gemini-3-flash,t4_06,4,3,425,36,0.0003205,1527.0,,117
gemini-3-flash,t4_07,4,1,421,71,0.0004235,1696.9,,171
gemini-3-flash,t4_07,4,2,421,71,0.0004235,1777.5,,171
gemini-3-flash,t4_07,4,3,423,66,0.0004095,1447.9,,171
gemini-3-flash,t4_08,4,1,426,112,0.000549,2241.8,,217
gemini-3-flash,t4_08,4,2,426,112,0.000549,3683.4,,217
gemini-3-flash,t4_08,4,3,426,112,0.000549,1868.1,,217
gemini-3-flash,t4_09,4,1,421,27,0.0002915,1882.5,,92
gemini-3-flash,t4_09,4,2,421,27,0.0002915,1437.3,,92
gemini-3-flash,t4_09,4,3,423,27,0.0002925,1444.8,,92
gemini-3-flash,t4_10,4,1,420,83,0.000459,2656.5,,274
gemini-3-flash,t4_10,4,2,422,83,0.00046,1640.4,,274
gemini-3-flash,t4_10,4,3,422,83,0.00046,1569.1,,274
gemini-3-flash,t5_01,5,1,422,33,0.00031,1497.0,,111
gemini-3-flash,t5_01,5,2,422,33,0.00031,1838.7,,111
gemini-3-flash,t5_01,5,3,422,33,0.00031,2558.5,,111
gemini-3-flash,t5_02,5,1,422,102,0.000517,7429.4,,255
gemini-3-flash,t5_02,5,2,424,107,0.000533,1733.3,,264
gemini-3-flash,t5_02,5,3,422,102,0.000517,1853.1,,255
gemini-3-flash,t5_03,5,1,428,64,0.000406,1636.4,,197
gemini-3-flash,t5_03,5,2,428,64,0.000406,1511.2,,197
gemini-3-flash,t5_03,5,3,428,64,0.000406,1718.1,,197
gemini-3-flash,t5_04,5,1,422,15,0.000256,2008.6,,49
gemini-3-flash,t5_04,5,2,420,15,0.000255,1852.8,,49
gemini-3-flash,t5_04,5,3,422,15,0.000256,1376.6,,49
gemini-3-flash,t5_05,5,1,428,91,0.000487,1864.7,,274
gemini-3-flash,t5_05,5,2,428,91,0.000487,1902.3,,274
gemini-3-flash,t5_05,5,3,426,87,0.000474,2115.5,,274
gemini-3-flash,t5_06,5,1,428,115,0.000559,1983.2,,252
gemini-3-flash,t5_06,5,2,428,115,0.000559,2520.4,,252
gemini-3-flash,t5_06,5,3,428,115,0.000559,2418.1,,252
gemini-3-flash,t5_07,5,1,421,33,0.0003095,1491.2,,102
gemini-3-flash,t5_07,5,2,421,33,0.0003095,1467.7,,102
gemini-3-flash,t5_07,5,3,421,33,0.0003095,1853.1,,102
gemini-3-flash,t5_08,5,1,420,154,0.000672,1908.0,,488
gemini-3-flash,t5_08,5,2,418,149,0.000656,2103.1,,488
gemini-3-flash,t5_08,5,3,418,149,0.000656,4659.1,,488
gemini-3-flash,t5_09,5,1,437,184,0.0007705,2781.6,,391
gemini-3-flash,t5_09,5,2,437,184,0.0007705,2478.5,,391
gemini-3-flash,t5_09,5,3,437,184,0.0007705,2204.9,,391
gemini-3-flash,t5_10,5,1,436,58,0.000392,2164.1,,183
gemini-3-flash,t5_10,5,2,436,58,0.000392,1965.4,,183
gemini-3-flash,t5_10,5,3,436,58,0.000392,1821.7,,183
gpt-5.2,t1_01,1,1,362,14,,542,,42
gpt-5.2,t1_01,1,2,362,14,,510,,42
gpt-5.2,t1_01,1,3,362,14,,525,,42
gpt-5.2,t1_02,1,1,361,61,,533,,221
gpt-5.2,t1_02,1,2,361,61,,753,,221
gpt-5.2,t1_02,1,3,361,61,,512,,221
gpt-5.2,t1_03,1,1,363,75,,1725,,181
gpt-5.2,t1_03,1,2,363,70,,604,,173
gpt-5.2,t1_03,1,3,363,75,,704,,181
gpt-5.2,t1_04,1,1,359,17,,593,,59
gpt-5.2,t1_04,1,2,359,12,,564,,39
gpt-5.2,t1_04,1,3,359,17,,521,,59
gpt-5.2,t1_05,1,1,360,22,,576,,71
gpt-5.2,t1_05,1,2,360,22,,546,,71
gpt-5.2,t1_05,1,3,360,22,,570,,71
gpt-5.2,t1_06,1,1,368,64,,521,,234
gpt-5.2,t1_06,1,2,368,64,,541,,234
gpt-5.2,t1_06,1,3,368,64,,487,,234
gpt-5.2,t1_07,1,1,364,20,,506,,58
gpt-5.2,t1_07,1,2,364,20,,542,,58
gpt-5.2,t1_07,1,3,364,20,,603,,58
gpt-5.2,t1_08,1,1,362,27,,552,,112
gpt-5.2,t1_08,1,2,362,27,,685,,112
gpt-5.2,t1_08,1,3,362,27,,505,,112
gpt-5.2,t1_09,1,1,366,121,,517,,359
gpt-5.2,t1_09,1,2,366,119,,584,,351
gpt-5.2,t1_09,1,3,366,119,,640,,351
gpt-5.2,t1_10,1,1,363,17,,593,,57
gpt-5.2,t1_10,1,2,363,23,,540,,84
gpt-5.2,t1_10,1,3,363,17,,549,,57
gpt-5.2,t2_01,2,1,365,31,,596,,108
gpt-5.2,t2_01,2,2,365,31,,555,,110
gpt-5.2,t2_01,2,3,365,31,,681,,108
gpt-5.2,t2_02,2,1,363,37,,638,,133
gpt-5.2,t2_02,2,2,363,37,,567,,133
gpt-5.2,t2_02,2,3,363,37,,546,,133
gpt-5.2,t2_03,2,1,366,87,,546,,227
gpt-5.2,t2_03,2,2,366,79,,513,,217
gpt-5.2,t2_03,2,3,366,79,,570,,217
gpt-5.2,t2_04,2,1,363,38,,559,,129
gpt-5.2,t2_04,2,2,363,38,,535,,129
gpt-5.2,t2_04,2,3,363,38,,511,,129
gpt-5.2,t2_05,2,1,364,37,,553,,121
gpt-5.2,t2_05,2,2,364,38,,590,,126
gpt-5.2,t2_05,2,3,364,38,,527,,126
gpt-5.2,t2_06,2,1,367,25,,489,,85
gpt-5.2,t2_06,2,2,367,25,,558,,85
gpt-5.2,t2_06,2,3,367,25,,1210,,85
gpt-5.2,t2_07,2,1,363,89,,517,,241
gpt-5.2,t2_07,2,2,363,89,,564,,241
gpt-5.2,t2_07,2,3,363,89,,516,,241
gpt-5.2,t2_08,2,1,365,33,,526,,120
gpt-5.2,t2_08,2,2,365,33,,641,,120
gpt-5.2,t2_08,2,3,365,33,,607,,124
gpt-5.2,t2_09,2,1,367,47,,545,,161
gpt-5.2,t2_09,2,2,367,47,,542,,161
gpt-5.2,t2_09,2,3,367,47,,530,,161
gpt-5.2,t2_10,2,1,367,41,,536,,147
gpt-5.2,t2_10,2,2,367,37,,563,,132
gpt-5.2,t2_10,2,3,367,36,,596,,127
gpt-5.2,t3_01,3,1,363,28,,557,,104
gpt-5.2,t3_01,3,2,363,25,,553,,96
gpt-5.2,t3_01,3,3,363,31,,559,,103
gpt-5.2,t3_02,3,1,365,19,,536,,66
gpt-5.2,t3_02,3,2,365,19,,542,,62
gpt-5.2,t3_02,3,3,365,19,,533,,66
gpt-5.2,t3_03,3,1,366,56,,644,,215
gpt-5.2,t3_03,3,2,366,56,,525,,215
gpt-5.2,t3_03,3,3,366,56,,851,,215
gpt-5.2,t3_04,3,1,374,35,,753,,126
gpt-5.2,t3_04,3,2,374,33,,606,,118
gpt-5.2,t3_04,3,3,374,35,,686,,126
gpt-5.2,t3_05,3,1,373,36,,508,,126
gpt-5.2,t3_05,3,2,373,36,,539,,126
gpt-5.2,t3_05,3,3,373,36,,636,,126
gpt-5.2,t3_06,3,1,367,18,,506,,50
gpt-5.2,t3_06,3,2,367,55,,548,,198
gpt-5.2,t3_06,3,3,367,55,,560,,198
gpt-5.2,t3_07,3,1,369,73,,324,,242
gpt-5.2,t3_07,3,2,369,74,,612,,244
gpt-5.2,t3_07,3,3,369,73,,627,,242
gpt-5.2,t3_08,3,1,370,26,,564,,83
gpt-5.2,t3_08,3,2,370,27,,1423,,83
gpt-5.2,t3_08,3,3,370,28,,643,,87
gpt-5.2,t3_09,3,1,367,32,,571,,133
gpt-5.2,t3_09,3,2,367,28,,539,,117
gpt-5.2,t3_09,3,3,367,29,,512,,114
gpt-5.2,t3_10,3,1,371,25,,534,,80
gpt-5.2,t3_10,3,2,371,25,,520,,76
gpt-5.2,t3_10,3,3,371,25,,536,,76
gpt-5.2,t4_01,4,1,371,85,,522,,275
gpt-5.2,t4_01,4,2,371,82,,549,,263
gpt-5.2,t4_01,4,3,371,82,,523,,262
gpt-5.2,t4_02,4,1,360,47,,534,,154
gpt-5.2,t4_02,4,2,360,47,,528,,152
gpt-5.2,t4_02,4,3,360,47,,597,,152
gpt-5.2,t4_03,4,1,362,43,,598,,136
gpt-5.2,t4_03,4,2,362,43,,733,,136
gpt-5.2,t4_03,4,3,362,48,,575,,145
gpt-5.2,t4_04,4,1,373,86,,532,,302
gpt-5.2,t4_04,4,2,373,86,,547,,302
gpt-5.2,t4_04,4,3,373,90,,603,,309
gpt-5.2,t4_05,4,1,368,91,,598,,356
gpt-5.2,t4_05,4,2,372,65,,546,,268
gpt-5.2,t4_05,4,3,368,71,,570,,278
gpt-5.2,t4_06,4,1,371,70,,507,,258
gpt-5.2,t4_06,4,2,371,90,,500,,296
gpt-5.2,t4_06,4,3,371,90,,1200,,296
gpt-5.2,t4_07,4,1,367,79,,690,,262
gpt-5.2,t4_07,4,2,367,79,,546,,262
gpt-5.2,t4_07,4,3,367,76,,604,,254
gpt-5.2,t4_08,4,1,370,98,,537,,258
gpt-5.2,t4_08,4,2,370,120,,1286,,340
gpt-5.2,t4_08,4,3,370,139,,611,,391
gpt-5.2,t4_09,4,1,367,39,,626,,124
gpt-5.2,t4_09,4,2,367,44,,588,,135
gpt-5.2,t4_09,4,3,367,39,,541,,124
gpt-5.2,t4_10,4,1,366,110,,553,,415
gpt-5.2,t4_10,4,2,366,229,,505,,299
gpt-5.2,t4_10,4,3,366,188,,500,,415
gpt-5.2,t5_01,5,1,369,70,,680,,261
gpt-5.2,t5_01,5,2,369,70,,570,,261
gpt-5.2,t5_01,5,3,369,70,,537,,264
gpt-5.2,t5_02,5,1,366,143,,663,,447
gpt-5.2,t5_02,5,2,366,139,,539,,439
gpt-5.2,t5_02,5,3,366,255,,541,,857
gpt-5.2,t5_03,5,1,371,70,,588,,239
gpt-5.2,t5_03,5,2,371,70,,640,,239
gpt-5.2,t5_03,5,3,371,70,,649,,239
gpt-5.2,t5_04,5,1,366,59,,549,,212
gpt-5.2,t5_04,5,2,366,61,,526,,216
gpt-5.2,t5_04,5,3,366,59,,540,,212
gpt-5.2,t5_05,5,1,371,258,,633,,321
gpt-5.2,t5_05,5,2,371,212,,560,,321
gpt-5.2,t5_05,5,3,371,256,,629,,359
gpt-5.2,t5_06,5,1,373,123,,584,,316
gpt-5.2,t5_06,5,2,373,123,,1599,,316
gpt-5.2,t5_06,5,3,373,120,,587,,311
gpt-5.2,t5_07,5,1,367,31,,531,,109
gpt-5.2,t5_07,5,2,367,31,,507,,109
gpt-5.2,t5_07,5,3,367,31,,635,,109
gpt-5.2,t5_08,5,1,364,126,,604,,488
gpt-5.2,t5_08,5,2,364,136,,496,,570
gpt-5.2,t5_08,5,3,364,147,,553,,608
gpt-5.2,t5_09,5,1,378,146,,529,,451
gpt-5.2,t5_09,5,2,378,158,,543,,513
gpt-5.2,t5_09,5,3,378,184,,522,,506
gpt-5.2,t5_10,5,1,382,58,,578,,208
gpt-5.2,t5_10,5,2,382,72,,678,,278
gpt-5.2,t5_10,5,3,382,72,,541,,278
kimi-k2.5,t1_01,1,1,354,209,0.0008394,5363.9,,28
kimi-k2.5,t1_01,1,2,354,221,0.0006984,15807.0,,26
kimi-k2.5,t1_01,1,3,354,139,0.0004524,3700.3,,26
kimi-k2.5,t1_02,1,1,353,222,0.0007498,5312.9,,53
kimi-k2.5,t1_02,1,2,353,241,0.0007583,5601.0,,53
kimi-k2.5,t1_02,1,3,353,252,0.0007913,5929.4,,53
kimi-k2.5,t1_03,1,1,355,1111,0.003418,24019.4,,61
kimi-k2.5,t1_03,1,2,355,937,0.0028465,19722.1,,89
kimi-k2.5,t1_03,1,3,355,769,0.0023425,16544.6,,61
kimi-k2.5,t1_04,1,1,351,301,0.0009381,7009.1,,58
kimi-k2.5,t1_04,1,2,351,329,0.0010221,7397.1,,58
kimi-k2.5,t1_04,1,3,351,259,0.0008121,6538.3,,58
kimi-k2.5,t1_05,1,1,352,231,0.0007282,5588.0,,47
kimi-k2.5,t1_05,1,2,352,282,0.0008812,6720.9,,48
kimi-k2.5,t1_05,1,3,352,200,0.0006352,5120.2,,47
kimi-k2.5,t1_06,1,1,360,287,0.000897,6925.1,,81
kimi-k2.5,t1_06,1,2,360,407,0.001257,9559.0,,81
kimi-k2.5,t1_06,1,3,360,751,0.002289,16032.8,,81
kimi-k2.5,t1_07,1,1,356,198,0.0006296,5341.3,,48
kimi-k2.5,t1_07,1,2,356,286,0.0008936,6874.2,,44
kimi-k2.5,t1_07,1,3,356,278,0.0008696,6470.8,,45
kimi-k2.5,t1_08,1,1,354,276,0.0008634,6582.7,,91
kimi-k2.5,t1_08,1,2,354,206,0.0006534,5258.2,,100
kimi-k2.5,t1_08,1,3,354,317,0.0009864,7011.9,,72
kimi-k2.5,t1_09,1,1,358,1045,0.0031708,22051.5,,121
kimi-k2.5,t1_09,1,2,358,657,0.0020068,14019.5,,102
kimi-k2.5,t1_09,1,3,358,1426,0.0043138,27955.2,,121
kimi-k2.5,t1_10,1,1,355,334,0.001087,6754.3,,37
kimi-k2.5,t1_10,1,2,355,258,0.0008095,5666.2,,56
kimi-k2.5,t1_10,1,3,355,272,0.0008515,6222.0,,38
kimi-k2.5,t2_01,2,1,357,206,0.0007042,5037.2,,108
kimi-k2.5,t2_01,2,2,357,218,0.0006897,4942.0,,109
kimi-k2.5,t2_01,2,3,357,242,0.0007617,4894.2,,108
kimi-k2.5,t2_02,2,1,355,474,0.001507,9779.4,,103
kimi-k2.5,t2_02,2,2,355,758,0.0023095,14977.6,,94
kimi-k2.5,t2_02,2,3,355,407,0.0012565,7949.7,,133
kimi-k2.5,t2_03,2,1,358,898,0.0027808,16516.5,,163
kimi-k2.5,t2_03,2,2,358,747,0.0022768,13374.5,,166
kimi-k2.5,t2_03,2,3,358,779,0.0023728,16410.5,,163
kimi-k2.5,t2_04,2,1,355,488,0.001549,9898.3,,120
kimi-k2.5,t2_04,2,2,355,820,0.0024955,16132.9,,120
kimi-k2.5,t2_04,2,3,355,545,0.0016705,10101.9,,120
kimi-k2.5,t2_05,2,1,356,371,0.0011986,7637.0,,126
kimi-k2.5,t2_05,2,2,356,267,0.0008366,5645.3,,130
kimi-k2.5,t2_05,2,3,356,355,0.0011006,6860.8,,117
kimi-k2.5,t2_06,2,1,359,329,0.0010744,7026.4,,66
kimi-k2.5,t2_06,2,2,359,291,0.0009089,6096.9,,85
kimi-k2.5,t2_06,2,3,359,436,0.0013439,8255.8,,85
kimi-k2.5,t2_07,2,1,355,937,0.002896,18332.4,,171
kimi-k2.5,t2_07,2,2,355,1471,0.0044485,25993.1,,171
kimi-k2.5,t2_07,2,3,355,1694,0.0051175,29729.0,,177
kimi-k2.5,t2_08,2,1,357,750,0.0023362,14578.5,,120
kimi-k2.5,t2_08,2,2,357,622,0.0019017,11244.5,,125
kimi-k2.5,t2_08,2,3,357,686,0.0020937,12458.8,,124
kimi-k2.5,t2_09,2,1,359,715,0.0022324,12882.4,,161
kimi-k2.5,t2_09,2,2,359,982,0.0029819,17998.2,,118
kimi-k2.5,t2_09,2,3,359,1072,0.0032519,22636.7,,145
kimi-k2.5,t2_10,2,1,359,477,0.0015184,9254.5,,129
kimi-k2.5,t2_10,2,2,359,776,0.0023639,14448.6,,132
kimi-k2.5,t2_10,2,3,359,701,0.0021389,12470.8,,129
kimi-k2.5,t3_01,3,1,355,1012,0.003121,18888.3,,73
kimi-k2.5,t3_01,3,2,355,717,0.0021865,13475.0,,38
kimi-k2.5,t3_01,3,3,355,675,0.0020605,12587.6,,38
kimi-k2.5,t3_02,3,1,357,636,0.0019942,13116.0,,38
kimi-k2.5,t3_02,3,2,357,791,0.0024087,14839.7,,38
kimi-k2.5,t3_02,3,3,357,389,0.0012027,7881.0,,37
kimi-k2.5,t3_03,3,1,358,591,0.0018598,11436.7,,62
kimi-k2.5,t3_03,3,2,358,567,0.0017368,10944.0,,54
kimi-k2.5,t3_03,3,3,358,553,0.0016948,11017.5,,54
kimi-k2.5,t3_04,3,1,366,455,0.0014566,9465.5,,111
kimi-k2.5,t3_04,3,2,366,407,0.0012576,8407.7,,111
kimi-k2.5,t3_04,3,3,366,609,0.0018636,11655.8,,111
kimi-k2.5,t3_05,3,1,365,396,0.001279,8104.1,,113
kimi-k2.5,t3_05,3,2,365,1003,0.0030455,18387.0,,105
kimi-k2.5,t3_05,3,3,365,604,0.0018485,10987.6,,113
kimi-k2.5,t3_06,3,1,360,447,0.001429,8964.2,,45
kimi-k2.5,t3_06,3,2,360,419,0.001293,8291.0,,45
kimi-k2.5,t3_06,3,3,360,279,0.000873,5707.2,,45
kimi-k2.5,t3_07,3,1,361,1733,0.0052876,32435.5,,183
kimi-k2.5,t3_07,3,2,361,1499,0.0045331,27793.6,,183
kimi-k2.5,t3_07,3,3,361,703,0.0021451,13117.2,,183
kimi-k2.5,t3_08,3,1,362,447,0.0014302,9940.1,,58
kimi-k2.5,t3_08,3,2,362,802,0.0024422,23637.5,,76
kimi-k2.5,t3_08,3,3,362,310,0.0009662,6998.4,,81
kimi-k2.5,t3_09,3,1,359,414,0.0013294,9306.6,,96
kimi-k2.5,t3_09,3,2,359,750,0.0022859,15725.5,,71
kimi-k2.5,t3_09,3,3,359,417,0.0012869,8499.2,,74
kimi-k2.5,t3_10,3,1,363,632,0.0019858,13135.9,,71
kimi-k2.5,t3_10,3,2,363,710,0.0021663,13590.0,,71
kimi-k2.5,t3_10,3,3,363,684,0.0020883,13198.5,,71
kimi-k2.5,t4_01,4,1,363,635,0.0019948,12239.4,,79
kimi-k2.5,t4_01,4,2,363,534,0.0016383,10805.8,,79
kimi-k2.5,t4_01,4,3,363,1026,0.0031143,19423.6,,79
kimi-k2.5,t4_02,4,1,352,714,0.0022252,12973.1,,141
kimi-k2.5,t4_02,4,2,352,1021,0.0030982,19646.3,,140
kimi-k2.5,t4_02,4,3,352,1111,0.0033682,20670.7,,123
kimi-k2.5,t4_03,4,1,354,1085,0.0033394,20630.9,,91
kimi-k2.5,t4_03,4,2,354,1084,0.0032874,20889.5,,128
kimi-k2.5,t4_03,4,3,354,1802,0.0054414,34447.6,,69
kimi-k2.5,t4_04,4,1,365,642,0.002017,11935.6,,297
kimi-k2.5,t4_04,4,2,365,524,0.0016085,10181.9,,297
kimi-k2.5,t4_04,4,3,365,748,0.0022805,14838.6,,316
kimi-k2.5,t4_05,4,1,360,1849,0.005635,33731.3,,219
kimi-k2.5,t4_05,4,2,360,3982,0.011982,71275.5,,121
kimi-k2.5,t4_05,4,3,360,3879,0.011673,73299.4,,244
kimi-k2.5,t4_06,4,1,363,375,0.0012148,7617.2,,105
kimi-k2.5,t4_06,4,2,363,525,0.0016113,11260.9,,105
kimi-k2.5,t4_06,4,3,363,469,0.0014433,9012.1,,105
kimi-k2.5,t4_07,4,1,359,3900,0.0117874,72986.0,,215
kimi-k2.5,t4_07,4,2,359,2687,0.0080969,47558.8,,228
kimi-k2.5,t4_07,4,3,359,1816,0.0054839,33953.2,,210
kimi-k2.5,t4_08,4,1,362,1928,0.0058732,36526.9,,227
kimi-k2.5,t4_08,4,2,362,1877,0.0056672,34372.1,,240
kimi-k2.5,t4_08,4,3,362,1215,0.0036812,23387.2,,227
kimi-k2.5,t4_09,4,1,359,696,0.0021754,13528.9,,91
kimi-k2.5,t4_09,4,2,359,356,0.0011039,7089.6,,126
kimi-k2.5,t4_09,4,3,359,303,0.0009449,6446.1,,125
kimi-k2.5,t4_10,4,1,358,2037,0.0061978,37412.4,,221
kimi-k2.5,t4_10,4,2,358,1503,0.0045448,27916.1,,221
kimi-k2.5,t4_10,4,3,358,2514,0.0075778,45886.6,,150
kimi-k2.5,t5_01,5,1,360,869,0.002695,16880.5,,112
kimi-k2.5,t5_01,5,2,360,712,0.002172,12969.0,,201
kimi-k2.5,t5_01,5,3,360,780,0.002376,14404.1,,105
kimi-k2.5,t5_02,5,1,358,3005,0.0091018,54562.1,,306
kimi-k2.5,t5_02,5,2,358,946,0.0028738,18041.9,,233
kimi-k2.5,t5_02,5,3,358,1612,0.0048718,28913.2,,223
kimi-k2.5,t5_03,5,1,363,775,0.0024148,14575.8,,229
kimi-k2.5,t5_03,5,2,363,1237,0.0037473,23361.3,,162
kimi-k2.5,t5_03,5,3,363,1168,0.0035403,21191.7,,213
kimi-k2.5,t5_04,5,1,358,502,0.0015928,9989.1,,144
kimi-k2.5,t5_04,5,2,358,805,0.0024508,14803.6,,85
kimi-k2.5,t5_04,5,3,358,499,0.0015328,9394.5,,81
kimi-k2.5,t5_05,5,1,363,1551,0.0047428,27914.8,,340
kimi-k2.5,t5_05,5,2,363,2113,0.0063753,38114.9,,274
kimi-k2.5,t5_05,5,3,363,1282,0.0038823,22693.8,,319
kimi-k2.5,t5_06,5,1,365,920,0.002851,16434.3,,230
kimi-k2.5,t5_06,5,2,365,1491,0.0045095,25338.2,,230
kimi-k2.5,t5_06,5,3,365,1694,0.0051185,29118.1,,214
kimi-k2.5,t5_07,5,1,359,1116,0.0034354,20214.9,,119
kimi-k2.5,t5_07,5,2,359,2762,0.0083219,48958.2,,157
kimi-k2.5,t5_07,5,3,359,2145,0.0064709,40288.2,,106
kimi-k2.5,t5_08,5,1,356,1450,0.0044356,26376.4,,212
kimi-k2.5,t5_08,5,2,356,2374,0.0071576,39450.0,,563
kimi-k2.5,t5_08,5,3,356,3350,0.0100856,60401.1,,578
kimi-k2.5,t5_09,5,1,370,1862,0.00568,33677.0,,270
kimi-k2.5,t5_09,5,2,370,1609,0.004864,29427.2,,317
kimi-k2.5,t5_09,5,3,370,1044,0.003169,18916.1,,316
kimi-k2.5,t5_10,5,1,374,4494,0.0135784,77912.3,,313
kimi-k2.5,t5_10,5,2,374,1698,0.0051314,28983.2,,180
kimi-k2.5,t5_10,5,3,374,2304,0.0069494,42160.0,,180
minimax-m2.5,t1_01,1,1,370,38,,1796,,27
minimax-m2.5,t1_01,1,2,370,36,,1129,,27
minimax-m2.5,t1_01,1,3,370,53,,2011,,27
minimax-m2.5,t1_02,1,1,369,96,,1273,,53
minimax-m2.5,t1_02,1,2,369,70,,1933,,53
minimax-m2.5,t1_02,1,3,369,45,,1411,,53
minimax-m2.5,t1_03,1,1,371,201,,2291,,87
minimax-m2.5,t1_03,1,2,371,152,,1053,,102
minimax-m2.5,t1_03,1,3,371,275,,1938,,88
minimax-m2.5,t1_04,1,1,367,44,,1131,,59
minimax-m2.5,t1_04,1,2,367,80,,1076,,39
minimax-m2.5,t1_04,1,3,367,58,,1600,,39
minimax-m2.5,t1_05,1,1,368,114,,2041,,49
minimax-m2.5,t1_05,1,2,368,62,,1269,,49
minimax-m2.5,t1_05,1,3,368,82,,1856,,49
minimax-m2.5,t1_06,1,1,376,121,,1509,,81
minimax-m2.5,t1_06,1,2,376,140,,1667,,81
minimax-m2.5,t1_06,1,3,376,107,,1101,,81
minimax-m2.5,t1_07,1,1,372,127,,1018,,45
minimax-m2.5,t1_07,1,2,372,78,,1590,,65
minimax-m2.5,t1_07,1,3,372,83,,1084,,57
minimax-m2.5,t1_08,1,1,370,92,,1372,,72
minimax-m2.5,t1_08,1,2,370,66,,6553,,84
minimax-m2.5,t1_08,1,3,370,74,,10327,,84
minimax-m2.5,t1_09,1,1,374,222,,2584,,121
minimax-m2.5,t1_09,1,2,374,138,,1040,,140
minimax-m2.5,t1_09,1,3,374,385,,1286,,117
minimax-m2.5,t1_10,1,1,371,127,,1766,,56
minimax-m2.5,t1_10,1,2,371,91,,1215,,57
minimax-m2.5,t1_10,1,3,371,138,,1421,,38
minimax-m2.5,t2_01,2,1,373,120,,1044,,83
minimax-m2.5,t2_01,2,2,373,63,,1087,,83
minimax-m2.5,t2_01,2,3,373,148,,1170,,83
minimax-m2.5,t2_02,2,1,371,148,,974,,87
minimax-m2.5,t2_02,2,2,371,139,,1583,,87
minimax-m2.5,t2_02,2,3,371,146,,10237,,104
minimax-m2.5,t2_03,2,1,374,191,,10271,,171
minimax-m2.5,t2_03,2,2,374,235,,4095,,166
minimax-m2.5,t2_03,2,3,374,269,,1068,,179
minimax-m2.5,t2_04,2,1,371,129,,1141,,67
minimax-m2.5,t2_04,2,2,371,167,,1163,,120
minimax-m2.5,t2_04,2,3,371,259,,1318,,84
minimax-m2.5,t2_05,2,1,372,217,,1151,,110
minimax-m2.5,t2_05,2,2,372,157,,1214,,96
minimax-m2.5,t2_05,2,3,372,221,,1047,,111
minimax-m2.5,t2_06,2,1,375,246,,1156,,84
minimax-m2.5,t2_06,2,2,375,150,,1297,,84
minimax-m2.5,t2_06,2,3,375,152,,1124,,85
minimax-m2.5,t2_07,2,1,371,230,,1367,,201
minimax-m2.5,t2_07,2,2,371,135,,1227,,177
minimax-m2.5,t2_07,2,3,371,142,,1044,,178
minimax-m2.5,t2_08,2,1,373,113,,1103,,96
minimax-m2.5,t2_08,2,2,373,110,,1053,,96
minimax-m2.5,t2_08,2,3,373,87,,1594,,116
minimax-m2.5,t2_09,2,1,375,253,,1362,,185
minimax-m2.5,t2_09,2,2,375,201,,1126,,162
minimax-m2.5,t2_09,2,3,375,232,,8930,,187
minimax-m2.5,t2_10,2,1,375,109,,1122,,175
minimax-m2.5,t2_10,2,2,375,104,,1513,,132
minimax-m2.5,t2_10,2,3,375,91,,973,,178
minimax-m2.5,t3_01,3,1,371,198,,1454,,61
minimax-m2.5,t3_01,3,2,371,242,,1218,,61
minimax-m2.5,t3_01,3,3,371,233,,1003,,68
minimax-m2.5,t3_02,3,1,373,81,,1467,,42
minimax-m2.5,t3_02,3,2,373,107,,1663,,43
minimax-m2.5,t3_02,3,3,373,97,,1183,,43
minimax-m2.5,t3_03,3,1,374,207,,1380,,66
minimax-m2.5,t3_03,3,2,374,179,,1085,,66
minimax-m2.5,t3_03,3,3,374,138,,935,,62
minimax-m2.5,t3_04,3,1,382,130,,1084,,107
minimax-m2.5,t3_04,3,2,382,122,,1368,,107
minimax-m2.5,t3_04,3,3,382,411,,1046,,117
minimax-m2.5,t3_05,3,1,381,187,,1589,,112
minimax-m2.5,t3_05,3,2,381,184,,1284,,104
minimax-m2.5,t3_05,3,3,381,173,,1402,,105
minimax-m2.5,t3_06,3,1,376,157,,1137,,45
minimax-m2.5,t3_06,3,2,376,243,,1131,,45
minimax-m2.5,t3_06,3,3,376,197,,1040,,45
minimax-m2.5,t3_07,3,1,377,325,,2620,,183
minimax-m2.5,t3_07,3,2,377,310,,1077,,177
minimax-m2.5,t3_07,3,3,377,231,,1295,,133
minimax-m2.5,t3_08,3,1,378,287,,1032,,59
minimax-m2.5,t3_08,3,2,378,216,,1139,,59
minimax-m2.5,t3_08,3,3,378,123,,1442,,89
minimax-m2.5,t3_09,3,1,375,263,,1002,,65
minimax-m2.5,t3_09,3,2,375,139,,1754,,69
minimax-m2.5,t3_09,3,3,375,344,,1197,,69
minimax-m2.5,t3_10,3,1,380,315,,1362,,68
minimax-m2.5,t3_10,3,2,380,313,,1072,,68
minimax-m2.5,t3_10,3,3,380,472,,987,,79
minimax-m2.5,t4_01,4,1,379,157,,1470,,247
minimax-m2.5,t4_01,4,2,379,220,,4684,,307
minimax-m2.5,t4_01,4,3,379,287,,1080,,247
minimax-m2.5,t4_02,4,1,368,130,,1472,,106
minimax-m2.5,t4_02,4,2,368,181,,1014,,134
minimax-m2.5,t4_02,4,3,368,181,,1098,,141
minimax-m2.5,t4_03,4,1,370,221,,1160,,75
minimax-m2.5,t4_03,4,2,370,271,,1354,,69
minimax-m2.5,t4_03,4,3,370,190,,932,,69
minimax-m2.5,t4_04,4,1,380,236,,1213,,263
minimax-m2.5,t4_04,4,2,380,247,,1165,,261
minimax-m2.5,t4_04,4,3,380,269,,1055,,258
minimax-m2.5,t4_05,4,1,376,323,,1529,,200
minimax-m2.5,t4_05,4,2,376,332,,1109,,205
minimax-m2.5,t4_05,4,3,376,314,,1227,,229
minimax-m2.5,t4_06,4,1,379,128,,1041,,91
minimax-m2.5,t4_06,4,2,379,93,,1243,,105
minimax-m2.5,t4_06,4,3,379,92,,1027,,105
minimax-m2.5,t4_07,4,1,375,279,,1146,,225
minimax-m2.5,t4_07,4,2,375,232,,1879,,225
minimax-m2.5,t4_07,4,3,375,343,,972,,151
minimax-m2.5,t4_08,4,1,378,553,,1162,,248
minimax-m2.5,t4_08,4,2,378,365,,1041,,235
minimax-m2.5,t4_08,4,3,378,313,,1517,,174
minimax-m2.5,t4_09,4,1,375,116,,1244,,91
minimax-m2.5,t4_09,4,2,375,129,,1289,,92
minimax-m2.5,t4_09,4,3,375,136,,999,,91
minimax-m2.5,t4_10,4,1,374,304,,1202,,274
minimax-m2.5,t4_10,4,2,374,439,,1225,,255
minimax-m2.5,t4_10,4,3,374,305,,997,,273
minimax-m2.5,t5_01,5,1,376,169,,1041,,105
minimax-m2.5,t5_01,5,2,376,182,,1154,,133
minimax-m2.5,t5_01,5,3,376,195,,1018,,251
minimax-m2.5,t5_02,5,1,374,267,,1146,,238
minimax-m2.5,t5_02,5,2,374,261,,994,,249
minimax-m2.5,t5_02,5,3,374,535,,1039,,312
minimax-m2.5,t5_03,5,1,379,269,,8497,,243
minimax-m2.5,t5_03,5,2,379,229,,1035,,179
minimax-m2.5,t5_03,5,3,379,508,,1256,,260
minimax-m2.5,t5_04,5,1,374,268,,1907,,69
minimax-m2.5,t5_04,5,2,374,149,,1114,,66
minimax-m2.5,t5_04,5,3,374,356,,1029,,56
minimax-m2.5,t5_05,5,1,379,303,,1404,,272
minimax-m2.5,t5_05,5,2,379,452,,1127,,274
minimax-m2.5,t5_05,5,3,379,425,,1015,,294
minimax-m2.5,t5_06,5,1,381,558,,1318,,236
minimax-m2.5,t5_06,5,2,377,619,0.0008559,11910.4,,238
minimax-m2.5,t5_06,5,3,377,683,0.0009327,12217.2,,237
minimax-m2.5,t5_07,5,1,371,144,0.0002841,10420.5,,119
minimax-m2.5,t5_07,5,2,371,159,0.0003021,4104.9,,102
minimax-m2.5,t5_07,5,3,371,143,0.000183,4503.7,,102
minimax-m2.5,t5_08,5,1,368,430,0.0006264,9572.2,,94
minimax-m2.5,t5_08,5,2,368,561,0.0007836,11987.3,,309
minimax-m2.5,t5_08,5,3,368,475,0.0006804,12078.3,,249
minimax-m2.5,t5_09,5,1,382,960,0.0012666,23290.1,,315
minimax-m2.5,t5_09,5,2,382,626,0.0008658,31758.3,,292
minimax-m2.5,t5_09,5,3,382,652,0.00080547,19558.4,,347
minimax-m2.5,t5_10,5,1,387,581,0.00072177,10732.1,,144
minimax-m2.5,t5_10,5,2,387,780,0.0010521,13866.6,,153
minimax-m2.5,t5_10,5,3,387,1615,0.0020541,40433.8,,160
